model,origin,naive7_mae,covariates_used,multivariate_used,mae,rmse,smape,rmae,pinball,coverage
Chronos2,2025-07-01 00:00:00+00:00,25.592407407407407,True,False,19.735789330093947,27.32665047844079,44.02250052525846,0.7711579850976297,6.856131507379037,0.4027777777777778
Chronos2,2025-07-02 00:00:00+00:00,38.74896990740741,True,False,21.63377094939903,37.401853028297005,31.633768108738604,0.5583057046701887,7.429397920855769,0.8472222222222222
Chronos2,2025-07-03 00:00:00+00:00,9.429803240740743,True,False,7.832739645286842,9.608319893823678,21.40999741711698,0.8306365939265933,2.6825632799996266,0.9861111111111112
Chronos2,2025-07-04 00:00:00+00:00,8.454027777777778,True,False,10.057140739228991,14.8812224354891,27.711821015084553,1.1896271225492243,3.2757276208312422,0.6805555555555556
Chronos2,2025-07-05 00:00:00+00:00,18.460520833333334,True,False,8.782640149858263,13.480016259568025,27.46081962890331,0.4757525656589192,3.1415653492491926,0.8194444444444444
Chronos2,2025-07-06 00:00:00+00:00,14.629305555555554,True,False,10.343983473601165,16.128892453160955,27.375222235807716,0.7070727611997265,2.9412022139113625,0.7916666666666666
Chronos2,2025-07-07 00:00:00+00:00,13.49300925925926,True,False,9.016556752876,14.686269355831575,21.445006379114933,0.6682391288428561,3.1345534333476315,0.7916666666666666
Chronos2,2025-07-08 00:00:00+00:00,12.906782407407407,True,False,17.78746839841207,28.719684451811368,34.0369562583587,1.3781489326265823,5.518431158713352,0.6944444444444444
Chronos2,2025-07-09 00:00:00+00:00,33.95109953703704,True,False,37.09625369707744,46.14313059061874,57.72463472237599,1.0926377702910437,10.90839870688356,0.5694444444444444
Chronos2,2025-07-10 00:00:00+00:00,17.20474537037037,True,False,18.35808292106346,25.986354379975424,60.49008805560692,1.067036013952252,6.7159602662663405,0.4444444444444444
Chronos2,2025-07-11 00:00:00+00:00,11.368680555555557,True,False,9.005317114370841,15.328658444042544,34.99308039866199,0.7921162944428229,3.6285668527344126,0.9166666666666666
Chronos2,2025-07-12 00:00:00+00:00,52.02465277777779,True,False,49.171977444401506,97.66952871177517,62.83644537634451,0.945166854922388,20.11859121287311,0.375
Chronos2,2025-07-13 00:00:00+00:00,28.16582175925926,True,False,13.467306493476585,18.657755380267904,26.21875857960527,0.47814356735568453,5.589984038258776,0.9166666666666666
Chronos2,2025-07-14 00:00:00+00:00,8.859305555555556,True,False,11.174860332983512,14.079442016670741,30.19778591181037,1.261369783772262,3.4365358856577934,0.8888888888888888
Chronos2,2025-07-15 00:00:00+00:00,24.954976851851853,True,False,15.12686993740223,20.33850694167443,56.61179384500553,0.6061664583864239,4.850286927517549,0.6388888888888888
Chronos2,2025-07-16 00:00:00+00:00,23.476076388888888,True,False,7.293320619088632,8.615152350226934,42.68842680567167,0.31067033938177696,2.8270320453761535,0.9444444444444444
Chronos2,2025-07-17 00:00:00+00:00,10.92471064814815,True,False,6.481908266632645,9.110351808244975,27.470627573531182,0.5933253955546544,2.165121429054825,0.8888888888888888
Chronos2,2025-07-18 00:00:00+00:00,8.932384259259258,True,False,6.5186726587790025,8.496444911349371,31.864459596532846,0.7297796948246806,2.1856765608139974,0.8888888888888888
Chronos2,2025-07-19 00:00:00+00:00,60.14989583333334,True,False,9.047804827866733,11.154902018511104,49.46190462462664,0.15042095588888285,3.0724742143536794,0.5555555555555556
Chronos2,2025-07-20 00:00:00+00:00,38.696168981481485,True,False,4.91411761548784,6.995509649358397,24.588668297964972,0.12699235466538175,1.7463499108361606,0.9305555555555556
Chronos2,2025-07-21 00:00:00+00:00,10.894560185185188,True,False,6.326756951367413,9.36536453566349,24.16465722757204,0.5807262380330656,2.1047236165882626,0.7361111111111112
Chronos2,2025-07-22 00:00:00+00:00,8.963090277777777,True,False,7.537917257591529,9.47097814094499,49.685639290365636,0.8409953513778964,2.3321615989119917,0.625
Chronos2,2025-07-23 00:00:00+00:00,6.148333333333333,True,False,6.677893110204626,9.026875393822737,36.69039683845352,1.0861306224241734,2.0847759355733424,0.7777777777777778
Chronos2,2025-07-24 00:00:00+00:00,8.587928240740741,True,False,8.567767687903508,12.180285173055891,36.55411464756434,0.9976524544369628,3.0039160105917184,0.6805555555555556
Chronos2,2025-07-25 00:00:00+00:00,21.549166666666665,True,False,19.075979956520925,26.574628503212562,47.734648770144695,0.8852305173372951,6.438440986032838,0.5694444444444444
Chronos2,2025-07-26 00:00:00+00:00,14.584178240740743,True,False,18.008471594210025,20.880586964629625,43.76201880654334,1.2347950838877955,5.546876558374476,0.6388888888888888
Chronos2,2025-07-27 00:00:00+00:00,7.8231828703703705,True,False,9.432614942126804,12.171832193562425,52.527918186533185,1.2057259939368181,2.9373033642474518,0.7083333333333334
Chronos2,2025-07-28 00:00:00+00:00,9.630636574074073,True,False,7.25225105215002,12.256856820433985,35.828737103835834,0.7530396351652673,2.388112673965501,0.8611111111111112
Chronos2,2025-07-29 00:00:00+00:00,15.900150462962964,True,False,9.911007070717988,15.998360312324719,26.570522792281665,0.6233278794313428,3.6317299320374006,0.75
Chronos2,2025-07-30 00:00:00+00:00,23.051689814814814,True,False,14.572558015187582,31.07649229342705,25.566761411999096,0.632168753451737,5.500177008958509,0.7638888888888888
Chronos2,2025-07-31 00:00:00+00:00,33.38466435185185,True,False,20.365349017602426,40.45780032466561,33.37830887413468,0.6100210804267905,6.540884043934906,0.7222222222222222
Chronos2,2025-08-01 00:00:00+00:00,24.084745370370374,True,False,20.429168026182385,26.896685909229117,34.93285108392877,0.8482202203937282,6.235052386978526,0.5555555555555556
Chronos2,2025-08-02 00:00:00+00:00,24.0771875,True,False,14.686038082264089,17.17267481920905,30.464339374165295,0.6099565442294325,4.54529396104224,0.8055555555555556
Chronos2,2025-08-03 00:00:00+00:00,11.675173611111111,True,False,12.100389788945515,15.753083269113997,40.275783629332864,1.0364205443103416,3.976085858168425,0.5833333333333334
Chronos2,2025-08-04 00:00:00+00:00,12.069548611111111,True,False,6.552894045511882,8.12484223027161,21.388115640513178,0.5429278473164564,2.3002522058840147,0.9861111111111112
Chronos2,2025-08-05 00:00:00+00:00,12.442928240740741,True,False,11.536448660956488,15.788583074918032,40.31457527325654,0.9271490149066157,3.540496710553581,0.5972222222222222
Chronos2,2025-08-06 00:00:00+00:00,20.331157407407407,True,False,6.455257771809895,8.32001221366182,33.92257220060213,0.31750567085069153,2.0186125953697864,0.7777777777777778
Chronos2,2025-08-07 00:00:00+00:00,29.053194444444443,True,False,10.296138233961882,13.883354482104732,36.09468870374356,0.35438919646685224,2.9532667978898974,0.8888888888888888
Chronos2,2025-08-08 00:00:00+00:00,34.689097222222216,True,False,10.490593398588677,12.931496444592259,57.253335374612234,0.3024175962661919,3.071949948116585,0.5972222222222222
Chronos2,2025-08-09 00:00:00+00:00,25.395208333333336,True,False,7.357953733514857,10.767661104831427,35.14625305893031,0.2897378764109971,2.2281163798732524,0.8194444444444444
Chronos2,2025-08-10 00:00:00+00:00,10.928773148148148,True,False,12.4136158547578,16.74328402062526,45.075569300228466,1.135865452277345,4.4483077111656275,0.5416666666666666
Chronos2,2025-08-11 00:00:00+00:00,13.578888888888889,True,False,7.92121882120768,9.703313515312242,25.32393855887151,0.5833480843700934,2.45469355892252,0.9444444444444444
Chronos2,2025-08-12 00:00:00+00:00,25.48246527777778,True,False,18.464899427272655,26.39804877318753,45.193372362562535,0.7246119724285524,6.091510681458462,0.625
Chronos2,2025-08-13 00:00:00+00:00,23.985937500000002,True,False,8.386453455112598,11.209176974185375,16.825901514513454,0.34964042806801265,2.95009601328108,0.9722222222222222
Chronos2,2025-08-14 00:00:00+00:00,13.576927083333334,True,False,13.9340772346214,16.850757158974364,36.47440162745441,1.0263056691028778,4.606537054262043,0.5
Chronos2,2025-08-15 00:00:00+00:00,12.374131944444445,True,False,7.411083233091564,10.392032042032378,21.396668237835506,0.5989174243789184,2.2853666631086367,0.8611111111111112
Chronos2,2025-08-16 00:00:00+00:00,14.61224537037037,True,False,9.584673087685196,12.828333132003122,30.925704798423027,0.6559343102135615,2.8581478371443567,0.7777777777777778
Chronos2,2025-08-17 00:00:00+00:00,13.685046296296296,True,False,9.411117398827166,13.144473725153663,31.112680332946415,0.6876935009985446,3.1353307499708953,0.6388888888888888
Chronos2,2025-08-18 00:00:00+00:00,14.104664351851852,True,False,11.611863461953625,22.03038314989991,29.95737086583652,0.8232640757898689,4.182736434995393,0.6944444444444444
Chronos2,2025-08-19 00:00:00+00:00,23.564027777777778,True,False,28.717736140357122,35.46922687221043,55.118917267038505,1.2187108422711836,10.653143758773803,0.25
Chronos2,2025-08-20 00:00:00+00:00,12.98171296296296,True,False,18.10055933493155,21.35314953628112,43.853742460267796,1.3943120901357733,5.869915941497426,0.5555555555555556
Chronos2,2025-08-21 00:00:00+00:00,29.798315972222227,True,False,25.619597042225028,38.186225211444324,41.54601234613617,0.8597666078213088,9.455704970595278,0.4861111111111111
Chronos2,2025-08-22 00:00:00+00:00,13.433124999999999,True,False,13.201572586695354,18.259765299335363,25.9109966743371,0.9827625803151058,4.2282989354192475,0.8472222222222222
Chronos2,2025-08-23 00:00:00+00:00,14.15365740740741,True,False,7.671100531330818,10.01377164429679,20.15520360887232,0.5419871564304005,2.611368895342321,0.8888888888888888
Chronos2,2025-08-24 00:00:00+00:00,16.118402777777778,True,False,13.333442876603868,19.87865924761374,25.22906668488696,0.8272186183972586,4.127030050548506,0.7361111111111112
Chronos2,2025-08-25 00:00:00+00:00,14.469074074074074,True,False,11.692120986514622,15.071659168365192,27.424869472438534,0.8080766555383636,3.979556414168558,0.5694444444444444
Chronos2,2025-08-26 00:00:00+00:00,29.61265046296296,True,False,16.31089131390607,22.06861145262824,35.223589582159235,0.5508082207739687,5.865423191211842,0.5972222222222222
Chronos2,2025-08-27 00:00:00+00:00,15.542800925925924,True,False,9.184294120647287,11.515548105417361,21.23555383775311,0.5909034133820482,3.2140696621529847,0.9444444444444444
Chronos2,2025-08-28 00:00:00+00:00,38.10836805555555,True,False,19.935236699492847,24.46693496681687,57.64116148690614,0.5231196641753498,7.042206997047237,0.3333333333333333
Chronos2,2025-08-29 00:00:00+00:00,10.51587962962963,True,False,16.815487034762345,21.458429411335743,71.71193203266851,1.599056629307822,5.6868322116945995,0.75
