model,origin,node,ts,actual,mean,q10,q90
ElecFM,2026-01-01 00:00:00+00:00,HB_HOUSTON,2026-01-01 00:00:00+00:00,48.67333333333334,45.055088,35.758343,56.120087
ElecFM,2026-01-01 00:00:00+00:00,HB_HOUSTON,2026-01-01 01:00:00+00:00,55.86083333333334,38.887115,28.508976,51.48784
ElecFM,2026-01-01 00:00:00+00:00,HB_HOUSTON,2026-01-01 02:00:00+00:00,31.01,34.237186,23.754734,47.094215
ElecFM,2026-01-01 00:00:00+00:00,HB_HOUSTON,2026-01-01 03:00:00+00:00,24.12833333333333,32.337204,22.574572,44.396843
ElecFM,2026-01-01 00:00:00+00:00,HB_HOUSTON,2026-01-01 04:00:00+00:00,20.25333333333333,30.519867,21.197891,42.45633
ElecFM,2026-01-01 00:00:00+00:00,HB_HOUSTON,2026-01-01 05:00:00+00:00,18.59,26.607357,17.253506,37.927372
ElecFM,2026-01-01 00:00:00+00:00,HB_HOUSTON,2026-01-01 06:00:00+00:00,17.81,23.782665,14.629134,34.946503
ElecFM,2026-01-01 00:00:00+00:00,HB_HOUSTON,2026-01-01 07:00:00+00:00,19.36916666666667,22.299164,13.410276,33.640526
ElecFM,2026-01-01 00:00:00+00:00,HB_HOUSTON,2026-01-01 08:00:00+00:00,20.60833333333333,22.643867,13.446867,33.892136
ElecFM,2026-01-01 00:00:00+00:00,HB_HOUSTON,2026-01-01 09:00:00+00:00,21.814166666666665,26.001648,16.947556,37.354244
ElecFM,2026-01-01 00:00:00+00:00,HB_HOUSTON,2026-01-01 10:00:00+00:00,22.631666666666664,28.569183,18.789858,40.587543
ElecFM,2026-01-01 00:00:00+00:00,HB_HOUSTON,2026-01-01 11:00:00+00:00,23.419166666666666,28.701624,19.089788,40.96212
ElecFM,2026-01-01 00:00:00+00:00,HB_HOUSTON,2026-01-01 12:00:00+00:00,23.39333333333333,27.567883,17.637531,39.769333
ElecFM,2026-01-01 00:00:00+00:00,HB_HOUSTON,2026-01-01 13:00:00+00:00,23.2175,28.164661,19.379333,40.04538
ElecFM,2026-01-01 00:00:00+00:00,HB_HOUSTON,2026-01-01 14:00:00+00:00,17.7525,25.872452,17.095287,36.881126
ElecFM,2026-01-01 00:00:00+00:00,HB_HOUSTON,2026-01-01 15:00:00+00:00,14.766666666666666,21.15039,13.350378,30.98918
ElecFM,2026-01-01 00:00:00+00:00,HB_HOUSTON,2026-01-01 16:00:00+00:00,15.420833333333334,19.845526,12.2871,29.421017
ElecFM,2026-01-01 00:00:00+00:00,HB_HOUSTON,2026-01-01 17:00:00+00:00,14.166666666666666,18.50697,11.767473,27.19748
ElecFM,2026-01-01 00:00:00+00:00,HB_HOUSTON,2026-01-01 18:00:00+00:00,14.597500000000002,17.589966,11.275286,26.188545
ElecFM,2026-01-01 00:00:00+00:00,HB_HOUSTON,2026-01-01 19:00:00+00:00,12.281666666666666,17.91419,11.413232,25.644508
ElecFM,2026-01-01 00:00:00+00:00,HB_HOUSTON,2026-01-01 20:00:00+00:00,14.861666666666666,18.054724,12.15742,26.883186
ElecFM,2026-01-01 00:00:00+00:00,HB_HOUSTON,2026-01-01 21:00:00+00:00,15.021666666666668,21.700047,14.4976845,31.210646
ElecFM,2026-01-01 00:00:00+00:00,HB_HOUSTON,2026-01-01 22:00:00+00:00,18.8225,28.773966,20.294966,39.755993
ElecFM,2026-01-01 00:00:00+00:00,HB_HOUSTON,2026-01-01 23:00:00+00:00,22.08083333333333,32.730843,23.408964,45.225494
ElecFM,2026-01-02 00:00:00+00:00,HB_HOUSTON,2026-01-02 00:00:00+00:00,19.996666666666663,23.877293,18.323645,30.698402
ElecFM,2026-01-02 00:00:00+00:00,HB_HOUSTON,2026-01-02 01:00:00+00:00,17.463333333333335,23.823944,17.11216,31.729038
ElecFM,2026-01-02 00:00:00+00:00,HB_HOUSTON,2026-01-02 02:00:00+00:00,14.383333333333333,20.121195,13.142902,28.358929
ElecFM,2026-01-02 00:00:00+00:00,HB_HOUSTON,2026-01-02 03:00:00+00:00,13.055,18.555538,11.921196,26.778427
ElecFM,2026-01-02 00:00:00+00:00,HB_HOUSTON,2026-01-02 04:00:00+00:00,14.902500000000002,17.270054,10.767097,24.976637
ElecFM,2026-01-02 00:00:00+00:00,HB_HOUSTON,2026-01-02 05:00:00+00:00,14.6,15.713378,9.245493,23.201057
ElecFM,2026-01-02 00:00:00+00:00,HB_HOUSTON,2026-01-02 06:00:00+00:00,15.059166666666668,14.615317,8.63658,21.93118
ElecFM,2026-01-02 00:00:00+00:00,HB_HOUSTON,2026-01-02 07:00:00+00:00,13.285833333333334,14.276875,8.399531,21.336117
ElecFM,2026-01-02 00:00:00+00:00,HB_HOUSTON,2026-01-02 08:00:00+00:00,12.335833333333332,15.150301,8.873218,21.736881
ElecFM,2026-01-02 00:00:00+00:00,HB_HOUSTON,2026-01-02 09:00:00+00:00,9.3125,17.01202,10.021304,23.954153
ElecFM,2026-01-02 00:00:00+00:00,HB_HOUSTON,2026-01-02 10:00:00+00:00,10.65,17.370289,9.966332,25.333921
ElecFM,2026-01-02 00:00:00+00:00,HB_HOUSTON,2026-01-02 11:00:00+00:00,13.843333333333334,18.750666,10.886681,27.695557
ElecFM,2026-01-02 00:00:00+00:00,HB_HOUSTON,2026-01-02 12:00:00+00:00,16.6575,18.57752,10.6354,26.424635
ElecFM,2026-01-02 00:00:00+00:00,HB_HOUSTON,2026-01-02 13:00:00+00:00,16.475833333333334,20.352829,12.803284,28.031918
ElecFM,2026-01-02 00:00:00+00:00,HB_HOUSTON,2026-01-02 14:00:00+00:00,2.8475,18.345871,11.666817,25.338041
ElecFM,2026-01-02 00:00:00+00:00,HB_HOUSTON,2026-01-02 15:00:00+00:00,-2.526666666666667,13.154584,7.2254467,19.525204
ElecFM,2026-01-02 00:00:00+00:00,HB_HOUSTON,2026-01-02 16:00:00+00:00,-2.0625,13.973829,8.053026,19.949213
ElecFM,2026-01-02 00:00:00+00:00,HB_HOUSTON,2026-01-02 17:00:00+00:00,-2.0216666666666665,14.097767,8.297097,19.924122
ElecFM,2026-01-02 00:00:00+00:00,HB_HOUSTON,2026-01-02 18:00:00+00:00,-1.1775,12.625415,6.892412,18.29751
ElecFM,2026-01-02 00:00:00+00:00,HB_HOUSTON,2026-01-02 19:00:00+00:00,-0.4875,12.963835,6.900814,18.480906
ElecFM,2026-01-02 00:00:00+00:00,HB_HOUSTON,2026-01-02 20:00:00+00:00,-0.9041666666666668,13.118175,6.497609,19.37035
ElecFM,2026-01-02 00:00:00+00:00,HB_HOUSTON,2026-01-02 21:00:00+00:00,-1.1316666666666666,15.815807,7.736808,23.730774
ElecFM,2026-01-02 00:00:00+00:00,HB_HOUSTON,2026-01-02 22:00:00+00:00,13.850833333333334,23.290096,13.468118,33.23272
ElecFM,2026-01-02 00:00:00+00:00,HB_HOUSTON,2026-01-02 23:00:00+00:00,23.481666666666666,27.040163,15.493849,39.271736
ElecFM,2026-01-03 00:00:00+00:00,HB_HOUSTON,2026-01-03 00:00:00+00:00,21.51,22.61966,14.264555,31.469753
ElecFM,2026-01-03 00:00:00+00:00,HB_HOUSTON,2026-01-03 01:00:00+00:00,17.977500000000003,23.581741,13.394428,33.87152
ElecFM,2026-01-03 00:00:00+00:00,HB_HOUSTON,2026-01-03 02:00:00+00:00,16.2475,18.61523,7.5295734,29.824177
ElecFM,2026-01-03 00:00:00+00:00,HB_HOUSTON,2026-01-03 03:00:00+00:00,15.88,16.787788,5.3914747,28.050297
ElecFM,2026-01-03 00:00:00+00:00,HB_HOUSTON,2026-01-03 04:00:00+00:00,15.834166666666668,16.280867,5.075411,27.587273
ElecFM,2026-01-03 00:00:00+00:00,HB_HOUSTON,2026-01-03 05:00:00+00:00,14.375,15.834731,4.1926327,26.685543
ElecFM,2026-01-03 00:00:00+00:00,HB_HOUSTON,2026-01-03 06:00:00+00:00,16.3275,13.869165,2.7638721,24.939245
ElecFM,2026-01-03 00:00:00+00:00,HB_HOUSTON,2026-01-03 07:00:00+00:00,15.219166666666666,12.839388,2.0017853,23.600128
ElecFM,2026-01-03 00:00:00+00:00,HB_HOUSTON,2026-01-03 08:00:00+00:00,15.989166666666668,13.054359,2.0396938,23.507858
ElecFM,2026-01-03 00:00:00+00:00,HB_HOUSTON,2026-01-03 09:00:00+00:00,14.296666666666669,15.253457,3.6723938,25.680134
ElecFM,2026-01-03 00:00:00+00:00,HB_HOUSTON,2026-01-03 10:00:00+00:00,13.969166666666666,17.13591,5.0700836,28.37807
ElecFM,2026-01-03 00:00:00+00:00,HB_HOUSTON,2026-01-03 11:00:00+00:00,15.045,18.262394,6.0417185,29.81083
ElecFM,2026-01-03 00:00:00+00:00,HB_HOUSTON,2026-01-03 12:00:00+00:00,17.739166666666666,17.538574,5.1573124,28.949467
ElecFM,2026-01-03 00:00:00+00:00,HB_HOUSTON,2026-01-03 13:00:00+00:00,17.8975,17.273083,4.994917,28.924978
ElecFM,2026-01-03 00:00:00+00:00,HB_HOUSTON,2026-01-03 14:00:00+00:00,13.503333333333332,13.192447,1.0716648,25.093252
ElecFM,2026-01-03 00:00:00+00:00,HB_HOUSTON,2026-01-03 15:00:00+00:00,4.645833333333333,8.661183,-3.5843048,20.335316
ElecFM,2026-01-03 00:00:00+00:00,HB_HOUSTON,2026-01-03 16:00:00+00:00,7.983333333333333,9.584418,-2.3571377,21.129671
ElecFM,2026-01-03 00:00:00+00:00,HB_HOUSTON,2026-01-03 17:00:00+00:00,11.905833333333334,9.538312,-1.7957401,20.966139
ElecFM,2026-01-03 00:00:00+00:00,HB_HOUSTON,2026-01-03 18:00:00+00:00,13.13,9.336149,-1.8691559,21.292168
ElecFM,2026-01-03 00:00:00+00:00,HB_HOUSTON,2026-01-03 19:00:00+00:00,13.955,9.009031,-2.329296,20.63925
ElecFM,2026-01-03 00:00:00+00:00,HB_HOUSTON,2026-01-03 20:00:00+00:00,11.1675,9.941483,-1.4958878,21.895544
ElecFM,2026-01-03 00:00:00+00:00,HB_HOUSTON,2026-01-03 21:00:00+00:00,1.9741666666666668,13.611216,1.3745022,25.974636
ElecFM,2026-01-03 00:00:00+00:00,HB_HOUSTON,2026-01-03 22:00:00+00:00,25.7025,21.257683,8.408187,34.667
ElecFM,2026-01-03 00:00:00+00:00,HB_HOUSTON,2026-01-03 23:00:00+00:00,38.15,25.023537,11.258885,38.803825
ElecFM,2026-01-04 00:00:00+00:00,HB_HOUSTON,2026-01-04 00:00:00+00:00,31.1775,35.09596,27.411638,43.500313
ElecFM,2026-01-04 00:00:00+00:00,HB_HOUSTON,2026-01-04 01:00:00+00:00,36.969166666666666,30.33559,21.081093,40.41569
ElecFM,2026-01-04 00:00:00+00:00,HB_HOUSTON,2026-01-04 02:00:00+00:00,39.09583333333333,25.573671,15.412832,36.757374
ElecFM,2026-01-04 00:00:00+00:00,HB_HOUSTON,2026-01-04 03:00:00+00:00,25.69,23.190004,12.406301,34.92526
ElecFM,2026-01-04 00:00:00+00:00,HB_HOUSTON,2026-01-04 04:00:00+00:00,22.24416666666667,21.91973,11.235238,34.01014
ElecFM,2026-01-04 00:00:00+00:00,HB_HOUSTON,2026-01-04 05:00:00+00:00,19.385,21.18687,10.400877,33.17768
ElecFM,2026-01-04 00:00:00+00:00,HB_HOUSTON,2026-01-04 06:00:00+00:00,19.6575,21.352654,10.719741,33.433735
ElecFM,2026-01-04 00:00:00+00:00,HB_HOUSTON,2026-01-04 07:00:00+00:00,19.890833333333333,20.879427,9.93455,33.41497
ElecFM,2026-01-04 00:00:00+00:00,HB_HOUSTON,2026-01-04 08:00:00+00:00,19.27833333333333,20.801748,9.400883,33.109226
ElecFM,2026-01-04 00:00:00+00:00,HB_HOUSTON,2026-01-04 09:00:00+00:00,22.1375,21.331905,9.187641,33.94579
ElecFM,2026-01-04 00:00:00+00:00,HB_HOUSTON,2026-01-04 10:00:00+00:00,19.329166666666666,24.556149,12.113002,37.62475
ElecFM,2026-01-04 00:00:00+00:00,HB_HOUSTON,2026-01-04 11:00:00+00:00,18.7325,27.237526,14.652525,40.43574
ElecFM,2026-01-04 00:00:00+00:00,HB_HOUSTON,2026-01-04 12:00:00+00:00,17.814166666666665,25.620714,13.076647,39.168716
ElecFM,2026-01-04 00:00:00+00:00,HB_HOUSTON,2026-01-04 13:00:00+00:00,15.616666666666667,25.22073,12.682156,38.716255
ElecFM,2026-01-04 00:00:00+00:00,HB_HOUSTON,2026-01-04 14:00:00+00:00,12.246666666666668,20.759233,7.725438,35.20685
ElecFM,2026-01-04 00:00:00+00:00,HB_HOUSTON,2026-01-04 15:00:00+00:00,8.4325,16.056492,2.4089565,30.82893
ElecFM,2026-01-04 00:00:00+00:00,HB_HOUSTON,2026-01-04 16:00:00+00:00,3.2275,16.115618,2.4966068,31.020695
ElecFM,2026-01-04 00:00:00+00:00,HB_HOUSTON,2026-01-04 17:00:00+00:00,0.7050000000000001,17.021065,3.9443207,32.02634
ElecFM,2026-01-04 00:00:00+00:00,HB_HOUSTON,2026-01-04 18:00:00+00:00,0.6891666666666666,18.131792,5.2191067,33.743763
ElecFM,2026-01-04 00:00:00+00:00,HB_HOUSTON,2026-01-04 19:00:00+00:00,0.7183333333333334,18.462774,5.4356422,33.87662
ElecFM,2026-01-04 00:00:00+00:00,HB_HOUSTON,2026-01-04 20:00:00+00:00,11.735,18.912539,5.702837,34.644684
ElecFM,2026-01-04 00:00:00+00:00,HB_HOUSTON,2026-01-04 21:00:00+00:00,21.349166666666665,21.592194,7.456565,37.410194
ElecFM,2026-01-04 00:00:00+00:00,HB_HOUSTON,2026-01-04 22:00:00+00:00,32.215833333333336,29.283842,14.770821,45.889126
ElecFM,2026-01-04 00:00:00+00:00,HB_HOUSTON,2026-01-04 23:00:00+00:00,31.756666666666664,34.421463,20.065134,51.646248
ElecFM,2026-01-05 00:00:00+00:00,HB_HOUSTON,2026-01-05 00:00:00+00:00,28.19333333333333,30.014992,21.894897,38.71326
ElecFM,2026-01-05 00:00:00+00:00,HB_HOUSTON,2026-01-05 01:00:00+00:00,23.12833333333333,28.442266,18.936634,38.47083
ElecFM,2026-01-05 00:00:00+00:00,HB_HOUSTON,2026-01-05 02:00:00+00:00,20.576666666666668,26.257015,15.813236,37.749405
ElecFM,2026-01-05 00:00:00+00:00,HB_HOUSTON,2026-01-05 03:00:00+00:00,17.219166666666666,23.723927,12.504177,36.102818
ElecFM,2026-01-05 00:00:00+00:00,HB_HOUSTON,2026-01-05 04:00:00+00:00,14.31,21.207724,9.845733,33.370888
ElecFM,2026-01-05 00:00:00+00:00,HB_HOUSTON,2026-01-05 05:00:00+00:00,11.980833333333337,18.76781,7.965809,30.919659
ElecFM,2026-01-05 00:00:00+00:00,HB_HOUSTON,2026-01-05 06:00:00+00:00,12.32,17.548761,7.2133856,30.131811
ElecFM,2026-01-05 00:00:00+00:00,HB_HOUSTON,2026-01-05 07:00:00+00:00,13.529166666666669,16.86063,6.300375,29.84158
ElecFM,2026-01-05 00:00:00+00:00,HB_HOUSTON,2026-01-05 08:00:00+00:00,13.77,17.424541,6.5881195,29.325188
ElecFM,2026-01-05 00:00:00+00:00,HB_HOUSTON,2026-01-05 09:00:00+00:00,13.756666666666668,18.117502,6.620452,30.553875
ElecFM,2026-01-05 00:00:00+00:00,HB_HOUSTON,2026-01-05 10:00:00+00:00,14.254166666666668,21.904964,9.920434,34.6406
ElecFM,2026-01-05 00:00:00+00:00,HB_HOUSTON,2026-01-05 11:00:00+00:00,16.209166666666665,23.27341,10.702021,36.96192
ElecFM,2026-01-05 00:00:00+00:00,HB_HOUSTON,2026-01-05 12:00:00+00:00,18.745833333333337,21.859348,9.110532,35.39424
ElecFM,2026-01-05 00:00:00+00:00,HB_HOUSTON,2026-01-05 13:00:00+00:00,21.742500000000003,21.44783,8.345981,35.373955
ElecFM,2026-01-05 00:00:00+00:00,HB_HOUSTON,2026-01-05 14:00:00+00:00,17.714166666666667,18.154936,5.440071,32.706722
ElecFM,2026-01-05 00:00:00+00:00,HB_HOUSTON,2026-01-05 15:00:00+00:00,19.85833333333333,13.435045,0.27996635,27.740276
ElecFM,2026-01-05 00:00:00+00:00,HB_HOUSTON,2026-01-05 16:00:00+00:00,17.304166666666667,12.135843,-0.30366707,26.268806
ElecFM,2026-01-05 00:00:00+00:00,HB_HOUSTON,2026-01-05 17:00:00+00:00,15.458333333333334,12.122506,0.39025307,26.0217
ElecFM,2026-01-05 00:00:00+00:00,HB_HOUSTON,2026-01-05 18:00:00+00:00,15.9475,12.401904,0.7987137,26.365845
ElecFM,2026-01-05 00:00:00+00:00,HB_HOUSTON,2026-01-05 19:00:00+00:00,13.0925,12.378537,0.85082626,26.2167
ElecFM,2026-01-05 00:00:00+00:00,HB_HOUSTON,2026-01-05 20:00:00+00:00,14.216666666666669,13.049765,1.6420555,27.232763
ElecFM,2026-01-05 00:00:00+00:00,HB_HOUSTON,2026-01-05 21:00:00+00:00,16.354166666666668,17.33165,4.9991455,31.506584
ElecFM,2026-01-05 00:00:00+00:00,HB_HOUSTON,2026-01-05 22:00:00+00:00,26.874166666666667,24.671549,12.439335,39.383415
ElecFM,2026-01-05 00:00:00+00:00,HB_HOUSTON,2026-01-05 23:00:00+00:00,31.438333333333333,29.442904,17.216763,44.201694
ElecFM,2026-01-06 00:00:00+00:00,HB_HOUSTON,2026-01-06 00:00:00+00:00,33.5125,31.220592,24.8498,40.349045
ElecFM,2026-01-06 00:00:00+00:00,HB_HOUSTON,2026-01-06 01:00:00+00:00,39.73166666666666,30.822624,23.640938,40.934456
ElecFM,2026-01-06 00:00:00+00:00,HB_HOUSTON,2026-01-06 02:00:00+00:00,26.48,27.361542,20.295622,37.693604
ElecFM,2026-01-06 00:00:00+00:00,HB_HOUSTON,2026-01-06 03:00:00+00:00,22.69666666666667,23.685833,16.500454,33.724464
ElecFM,2026-01-06 00:00:00+00:00,HB_HOUSTON,2026-01-06 04:00:00+00:00,19.826666666666668,21.492476,14.838968,31.561316
ElecFM,2026-01-06 00:00:00+00:00,HB_HOUSTON,2026-01-06 05:00:00+00:00,15.981666666666667,21.317345,14.657457,31.423016
ElecFM,2026-01-06 00:00:00+00:00,HB_HOUSTON,2026-01-06 06:00:00+00:00,15.031666666666666,20.557652,13.951282,30.86058
ElecFM,2026-01-06 00:00:00+00:00,HB_HOUSTON,2026-01-06 07:00:00+00:00,15.118333333333332,18.148577,11.130778,29.142624
ElecFM,2026-01-06 00:00:00+00:00,HB_HOUSTON,2026-01-06 08:00:00+00:00,15.000833333333333,18.85672,11.471978,29.56408
ElecFM,2026-01-06 00:00:00+00:00,HB_HOUSTON,2026-01-06 09:00:00+00:00,16.046666666666667,19.002903,10.92049,30.184946
ElecFM,2026-01-06 00:00:00+00:00,HB_HOUSTON,2026-01-06 10:00:00+00:00,15.7125,22.194965,13.466733,34.117
ElecFM,2026-01-06 00:00:00+00:00,HB_HOUSTON,2026-01-06 11:00:00+00:00,14.933333333333332,23.40479,14.277807,36.694794
ElecFM,2026-01-06 00:00:00+00:00,HB_HOUSTON,2026-01-06 12:00:00+00:00,20.453333333333333,22.614098,13.307921,36.45137
ElecFM,2026-01-06 00:00:00+00:00,HB_HOUSTON,2026-01-06 13:00:00+00:00,25.450833333333332,23.412779,14.188854,37.41121
ElecFM,2026-01-06 00:00:00+00:00,HB_HOUSTON,2026-01-06 14:00:00+00:00,22.064166666666665,19.57775,10.619711,33.67635
ElecFM,2026-01-06 00:00:00+00:00,HB_HOUSTON,2026-01-06 15:00:00+00:00,13.074166666666663,16.956808,8.388704,30.956974
ElecFM,2026-01-06 00:00:00+00:00,HB_HOUSTON,2026-01-06 16:00:00+00:00,12.805833333333332,15.983043,7.4954557,29.978432
ElecFM,2026-01-06 00:00:00+00:00,HB_HOUSTON,2026-01-06 17:00:00+00:00,13.0475,15.965263,7.715535,30.034462
ElecFM,2026-01-06 00:00:00+00:00,HB_HOUSTON,2026-01-06 18:00:00+00:00,14.336666666666666,16.411716,7.7814054,30.724815
ElecFM,2026-01-06 00:00:00+00:00,HB_HOUSTON,2026-01-06 19:00:00+00:00,14.764166666666668,17.163961,8.350667,31.847385
ElecFM,2026-01-06 00:00:00+00:00,HB_HOUSTON,2026-01-06 20:00:00+00:00,14.165,18.426317,9.231151,33.57225
ElecFM,2026-01-06 00:00:00+00:00,HB_HOUSTON,2026-01-06 21:00:00+00:00,12.769166666666663,21.028263,10.834989,36.48822
ElecFM,2026-01-06 00:00:00+00:00,HB_HOUSTON,2026-01-06 22:00:00+00:00,32.891666666666666,28.796852,17.722763,45.14706
ElecFM,2026-01-06 00:00:00+00:00,HB_HOUSTON,2026-01-06 23:00:00+00:00,45.185833333333335,33.182083,21.494846,50.249374
ElecFM,2026-01-07 00:00:00+00:00,HB_HOUSTON,2026-01-07 00:00:00+00:00,48.72916666666666,44.238388,32.34464,57.932983
ElecFM,2026-01-07 00:00:00+00:00,HB_HOUSTON,2026-01-07 01:00:00+00:00,47.8325,39.635464,27.161533,54.18342
ElecFM,2026-01-07 00:00:00+00:00,HB_HOUSTON,2026-01-07 02:00:00+00:00,42.47833333333333,30.343279,18.773813,44.377
ElecFM,2026-01-07 00:00:00+00:00,HB_HOUSTON,2026-01-07 03:00:00+00:00,30.0125,26.128239,16.367584,38.7615
ElecFM,2026-01-07 00:00:00+00:00,HB_HOUSTON,2026-01-07 04:00:00+00:00,22.989166666666662,22.102524,14.08758,33.51657
ElecFM,2026-01-07 00:00:00+00:00,HB_HOUSTON,2026-01-07 05:00:00+00:00,21.31833333333333,18.389074,12.058697,28.405312
ElecFM,2026-01-07 00:00:00+00:00,HB_HOUSTON,2026-01-07 06:00:00+00:00,19.4175,17.828682,11.86043,27.034159
ElecFM,2026-01-07 00:00:00+00:00,HB_HOUSTON,2026-01-07 07:00:00+00:00,18.47,16.936901,11.402039,25.66932
ElecFM,2026-01-07 00:00:00+00:00,HB_HOUSTON,2026-01-07 08:00:00+00:00,16.3125,16.479614,10.683525,25.231527
ElecFM,2026-01-07 00:00:00+00:00,HB_HOUSTON,2026-01-07 09:00:00+00:00,15.033333333333331,18.319256,12.201233,27.383926
ElecFM,2026-01-07 00:00:00+00:00,HB_HOUSTON,2026-01-07 10:00:00+00:00,15.649166666666666,19.894243,13.051844,29.52803
ElecFM,2026-01-07 00:00:00+00:00,HB_HOUSTON,2026-01-07 11:00:00+00:00,20.67,20.44662,13.137028,30.450178
ElecFM,2026-01-07 00:00:00+00:00,HB_HOUSTON,2026-01-07 12:00:00+00:00,24.445000000000004,21.240057,13.5808325,31.488747
ElecFM,2026-01-07 00:00:00+00:00,HB_HOUSTON,2026-01-07 13:00:00+00:00,23.996666666666663,22.76404,15.505358,32.763924
ElecFM,2026-01-07 00:00:00+00:00,HB_HOUSTON,2026-01-07 14:00:00+00:00,16.315,19.583406,12.47665,29.010508
ElecFM,2026-01-07 00:00:00+00:00,HB_HOUSTON,2026-01-07 15:00:00+00:00,12.581666666666663,16.286083,9.802235,25.115126
ElecFM,2026-01-07 00:00:00+00:00,HB_HOUSTON,2026-01-07 16:00:00+00:00,13.409999999999998,16.306797,10.249269,25.16137
ElecFM,2026-01-07 00:00:00+00:00,HB_HOUSTON,2026-01-07 17:00:00+00:00,12.115833333333333,16.898098,10.861935,25.95328
ElecFM,2026-01-07 00:00:00+00:00,HB_HOUSTON,2026-01-07 18:00:00+00:00,10.765833333333331,16.925358,10.354627,26.878265
ElecFM,2026-01-07 00:00:00+00:00,HB_HOUSTON,2026-01-07 19:00:00+00:00,14.809166666666668,17.533709,10.009857,28.129086
ElecFM,2026-01-07 00:00:00+00:00,HB_HOUSTON,2026-01-07 20:00:00+00:00,21.09,18.600105,10.184882,30.57571
ElecFM,2026-01-07 00:00:00+00:00,HB_HOUSTON,2026-01-07 21:00:00+00:00,29.242500000000003,22.009216,12.349947,34.815254
ElecFM,2026-01-07 00:00:00+00:00,HB_HOUSTON,2026-01-07 22:00:00+00:00,33.16916666666666,30.939404,19.8225,44.71232
ElecFM,2026-01-07 00:00:00+00:00,HB_HOUSTON,2026-01-07 23:00:00+00:00,31.229166666666668,34.311726,22.454483,49.51908
ElecFM,2026-01-08 00:00:00+00:00,HB_HOUSTON,2026-01-08 00:00:00+00:00,23.125833333333333,32.201412,25.247988,40.42398
ElecFM,2026-01-08 00:00:00+00:00,HB_HOUSTON,2026-01-08 01:00:00+00:00,19.986666666666668,32.16374,24.641363,41.119152
ElecFM,2026-01-08 00:00:00+00:00,HB_HOUSTON,2026-01-08 02:00:00+00:00,16.895,29.099174,21.522081,37.933846
ElecFM,2026-01-08 00:00:00+00:00,HB_HOUSTON,2026-01-08 03:00:00+00:00,16.421666666666667,25.162237,18.054928,33.335495
ElecFM,2026-01-08 00:00:00+00:00,HB_HOUSTON,2026-01-08 04:00:00+00:00,14.005833333333332,22.388382,15.904253,29.989452
ElecFM,2026-01-08 00:00:00+00:00,HB_HOUSTON,2026-01-08 05:00:00+00:00,12.363333333333337,20.721088,14.355158,27.795078
ElecFM,2026-01-08 00:00:00+00:00,HB_HOUSTON,2026-01-08 06:00:00+00:00,8.9225,18.90007,12.996908,25.572063
ElecFM,2026-01-08 00:00:00+00:00,HB_HOUSTON,2026-01-08 07:00:00+00:00,9.071666666666667,17.538324,11.929485,24.247936
ElecFM,2026-01-08 00:00:00+00:00,HB_HOUSTON,2026-01-08 08:00:00+00:00,9.361666666666666,16.642336,10.729225,22.908524
ElecFM,2026-01-08 00:00:00+00:00,HB_HOUSTON,2026-01-08 09:00:00+00:00,9.616666666666667,16.826223,10.436411,23.198599
ElecFM,2026-01-08 00:00:00+00:00,HB_HOUSTON,2026-01-08 10:00:00+00:00,8.046666666666667,18.136883,11.252928,25.224028
ElecFM,2026-01-08 00:00:00+00:00,HB_HOUSTON,2026-01-08 11:00:00+00:00,11.849166666666669,18.52202,11.273744,26.102837
ElecFM,2026-01-08 00:00:00+00:00,HB_HOUSTON,2026-01-08 12:00:00+00:00,16.04,17.958727,10.773243,25.234962
ElecFM,2026-01-08 00:00:00+00:00,HB_HOUSTON,2026-01-08 13:00:00+00:00,16.871666666666666,18.250134,11.634048,25.32315
ElecFM,2026-01-08 00:00:00+00:00,HB_HOUSTON,2026-01-08 14:00:00+00:00,14.599166666666669,15.422995,9.234998,21.940844
ElecFM,2026-01-08 00:00:00+00:00,HB_HOUSTON,2026-01-08 15:00:00+00:00,11.955,10.965494,5.1914644,17.116207
ElecFM,2026-01-08 00:00:00+00:00,HB_HOUSTON,2026-01-08 16:00:00+00:00,9.420833333333333,11.585,6.2137156,17.863884
ElecFM,2026-01-08 00:00:00+00:00,HB_HOUSTON,2026-01-08 17:00:00+00:00,11.8725,12.667738,7.495632,19.009033
ElecFM,2026-01-08 00:00:00+00:00,HB_HOUSTON,2026-01-08 18:00:00+00:00,10.931666666666668,12.725769,7.4069633,19.795036
ElecFM,2026-01-08 00:00:00+00:00,HB_HOUSTON,2026-01-08 19:00:00+00:00,11.723333333333334,12.655443,6.301462,20.423794
ElecFM,2026-01-08 00:00:00+00:00,HB_HOUSTON,2026-01-08 20:00:00+00:00,15.318333333333332,15.127548,7.631488,24.47003
ElecFM,2026-01-08 00:00:00+00:00,HB_HOUSTON,2026-01-08 21:00:00+00:00,20.140833333333333,19.686363,10.374965,30.737606
ElecFM,2026-01-08 00:00:00+00:00,HB_HOUSTON,2026-01-08 22:00:00+00:00,22.50916666666667,26.845753,15.880723,39.302246
ElecFM,2026-01-08 00:00:00+00:00,HB_HOUSTON,2026-01-08 23:00:00+00:00,23.746666666666663,30.463795,18.919733,44.24478
ElecFM,2026-01-09 00:00:00+00:00,HB_HOUSTON,2026-01-09 00:00:00+00:00,31.23,24.272099,19.472563,30.432365
ElecFM,2026-01-09 00:00:00+00:00,HB_HOUSTON,2026-01-09 01:00:00+00:00,36.26833333333334,23.393757,17.681917,30.69905
ElecFM,2026-01-09 00:00:00+00:00,HB_HOUSTON,2026-01-09 02:00:00+00:00,41.251666666666665,20.024672,13.969398,27.502174
ElecFM,2026-01-09 00:00:00+00:00,HB_HOUSTON,2026-01-09 03:00:00+00:00,48.48416666666666,17.273504,11.369278,24.31313
ElecFM,2026-01-09 00:00:00+00:00,HB_HOUSTON,2026-01-09 04:00:00+00:00,42.34666666666667,15.718243,10.049448,22.165892
ElecFM,2026-01-09 00:00:00+00:00,HB_HOUSTON,2026-01-09 05:00:00+00:00,34.759166666666665,14.310003,8.768235,20.365604
ElecFM,2026-01-09 00:00:00+00:00,HB_HOUSTON,2026-01-09 06:00:00+00:00,43.53583333333333,12.945915,7.595562,18.987022
ElecFM,2026-01-09 00:00:00+00:00,HB_HOUSTON,2026-01-09 07:00:00+00:00,42.875,12.358847,6.988743,18.309753
ElecFM,2026-01-09 00:00:00+00:00,HB_HOUSTON,2026-01-09 08:00:00+00:00,35.09166666666667,12.508622,6.932172,18.128904
ElecFM,2026-01-09 00:00:00+00:00,HB_HOUSTON,2026-01-09 09:00:00+00:00,30.85,12.838371,7.006404,18.206264
ElecFM,2026-01-09 00:00:00+00:00,HB_HOUSTON,2026-01-09 10:00:00+00:00,28.489166666666662,13.196052,7.3091135,19.035355
ElecFM,2026-01-09 00:00:00+00:00,HB_HOUSTON,2026-01-09 11:00:00+00:00,31.3475,14.072092,8.038307,20.191332
ElecFM,2026-01-09 00:00:00+00:00,HB_HOUSTON,2026-01-09 12:00:00+00:00,37.73083333333333,14.89655,8.586453,21.168335
ElecFM,2026-01-09 00:00:00+00:00,HB_HOUSTON,2026-01-09 13:00:00+00:00,48.99416666666667,15.777094,9.55307,22.253395
ElecFM,2026-01-09 00:00:00+00:00,HB_HOUSTON,2026-01-09 14:00:00+00:00,56.156666666666666,13.575673,7.5904493,20.061556
ElecFM,2026-01-09 00:00:00+00:00,HB_HOUSTON,2026-01-09 15:00:00+00:00,26.83833333333333,10.935837,5.206908,16.98134
ElecFM,2026-01-09 00:00:00+00:00,HB_HOUSTON,2026-01-09 16:00:00+00:00,23.433333333333337,10.378912,5.0230694,16.493044
ElecFM,2026-01-09 00:00:00+00:00,HB_HOUSTON,2026-01-09 17:00:00+00:00,20.92833333333333,10.54327,5.4540167,16.302416
ElecFM,2026-01-09 00:00:00+00:00,HB_HOUSTON,2026-01-09 18:00:00+00:00,19.326666666666668,11.113689,5.6511793,17.460968
ElecFM,2026-01-09 00:00:00+00:00,HB_HOUSTON,2026-01-09 19:00:00+00:00,18.63083333333333,11.01151,5.2841053,17.880064
ElecFM,2026-01-09 00:00:00+00:00,HB_HOUSTON,2026-01-09 20:00:00+00:00,19.813333333333333,12.291296,5.948847,20.135923
ElecFM,2026-01-09 00:00:00+00:00,HB_HOUSTON,2026-01-09 21:00:00+00:00,21.629166666666663,16.088188,8.9745245,24.72622
ElecFM,2026-01-09 00:00:00+00:00,HB_HOUSTON,2026-01-09 22:00:00+00:00,24.546666666666667,22.590763,14.498672,32.417503
ElecFM,2026-01-09 00:00:00+00:00,HB_HOUSTON,2026-01-09 23:00:00+00:00,27.53,26.060024,17.629341,36.78475
ElecFM,2026-01-10 00:00:00+00:00,HB_HOUSTON,2026-01-10 00:00:00+00:00,28.174166666666665,28.481806,23.585764,34.914917
ElecFM,2026-01-10 00:00:00+00:00,HB_HOUSTON,2026-01-10 01:00:00+00:00,31.256666666666664,28.44865,22.821028,36.395912
ElecFM,2026-01-10 00:00:00+00:00,HB_HOUSTON,2026-01-10 02:00:00+00:00,23.578333333333333,25.63528,19.630917,34.24638
ElecFM,2026-01-10 00:00:00+00:00,HB_HOUSTON,2026-01-10 03:00:00+00:00,19.121666666666663,21.248549,15.159573,29.726833
ElecFM,2026-01-10 00:00:00+00:00,HB_HOUSTON,2026-01-10 04:00:00+00:00,19.550833333333333,18.195488,12.5313225,26.851103
ElecFM,2026-01-10 00:00:00+00:00,HB_HOUSTON,2026-01-10 05:00:00+00:00,17.340833333333332,15.889456,10.007396,24.184206
ElecFM,2026-01-10 00:00:00+00:00,HB_HOUSTON,2026-01-10 06:00:00+00:00,13.925,14.626112,8.907752,22.803642
ElecFM,2026-01-10 00:00:00+00:00,HB_HOUSTON,2026-01-10 07:00:00+00:00,10.4975,15.032482,9.349394,23.186602
ElecFM,2026-01-10 00:00:00+00:00,HB_HOUSTON,2026-01-10 08:00:00+00:00,8.101666666666667,15.320315,9.346462,23.53004
ElecFM,2026-01-10 00:00:00+00:00,HB_HOUSTON,2026-01-10 09:00:00+00:00,7.420000000000001,16.09459,9.74665,24.12431
ElecFM,2026-01-10 00:00:00+00:00,HB_HOUSTON,2026-01-10 10:00:00+00:00,6.901666666666666,16.611677,10.038486,25.53771
ElecFM,2026-01-10 00:00:00+00:00,HB_HOUSTON,2026-01-10 11:00:00+00:00,6.226666666666667,16.695854,9.532532,25.646816
ElecFM,2026-01-10 00:00:00+00:00,HB_HOUSTON,2026-01-10 12:00:00+00:00,7.440833333333334,17.753628,10.631526,26.953026
ElecFM,2026-01-10 00:00:00+00:00,HB_HOUSTON,2026-01-10 13:00:00+00:00,9.490833333333333,19.753817,13.199083,28.639587
ElecFM,2026-01-10 00:00:00+00:00,HB_HOUSTON,2026-01-10 14:00:00+00:00,3.510833333333333,17.275145,10.842614,25.514702
ElecFM,2026-01-10 00:00:00+00:00,HB_HOUSTON,2026-01-10 15:00:00+00:00,0.7825000000000001,12.942364,7.009289,20.096317
ElecFM,2026-01-10 00:00:00+00:00,HB_HOUSTON,2026-01-10 16:00:00+00:00,-0.2333333333333333,11.99517,6.6913977,18.728954
ElecFM,2026-01-10 00:00:00+00:00,HB_HOUSTON,2026-01-10 17:00:00+00:00,-3.043333333333333,12.320713,7.247444,19.08037
ElecFM,2026-01-10 00:00:00+00:00,HB_HOUSTON,2026-01-10 18:00:00+00:00,-7.1066666666666665,12.946762,7.635806,20.583704
ElecFM,2026-01-10 00:00:00+00:00,HB_HOUSTON,2026-01-10 19:00:00+00:00,-9.876666666666669,13.1239,6.959524,21.011108
ElecFM,2026-01-10 00:00:00+00:00,HB_HOUSTON,2026-01-10 20:00:00+00:00,-10.074166666666668,14.430377,7.750595,23.50604
ElecFM,2026-01-10 00:00:00+00:00,HB_HOUSTON,2026-01-10 21:00:00+00:00,-8.665833333333333,18.29038,10.8096695,28.30839
ElecFM,2026-01-10 00:00:00+00:00,HB_HOUSTON,2026-01-10 22:00:00+00:00,-0.8191666666666665,24.766613,16.523373,35.429184
ElecFM,2026-01-10 00:00:00+00:00,HB_HOUSTON,2026-01-10 23:00:00+00:00,30.526666666666667,27.373112,18.814627,39.28291
