model,origin,covariates_used,multivariate_used,mae,rmse,smape,pinball,coverage
Naive,2026-01-01 00:00:00+00:00,False,False,31.255202546296296,33.16411596407228,105.5218863165174,8.311732673342666,0.7291666666666666
Naive,2026-01-02 00:00:00+00:00,False,False,10.337471064814812,12.916817115499258,71.04132955937943,4.464873038170313,1.0
Naive,2026-01-03 00:00:00+00:00,False,False,10.09581597222222,13.49852823892631,53.90927616690902,4.411053664489806,0.9861111111111112
Naive,2026-01-04 00:00:00+00:00,False,False,24.56382523148148,27.80002956513424,84.34270698750359,7.1648839520327,0.8541666666666666
Naive,2026-01-05 00:00:00+00:00,False,False,13.792951388888888,15.45194260524704,57.12069835415288,5.340158552944502,0.9722222222222222
Naive,2026-01-06 00:00:00+00:00,False,False,14.54265625,17.51693346727758,50.181097392685125,5.1976283906041765,0.9930555555555556
Naive,2026-01-07 00:00:00+00:00,False,False,30.583576388888893,35.12593542796304,85.50410262180567,8.484412618877917,0.6944444444444444
Naive,2026-01-08 00:00:00+00:00,False,False,20.37330439814815,27.931722377849322,60.758819336418746,6.856612218032002,0.7847222222222222
Naive,2026-01-09 00:00:00+00:00,False,False,17.880850694444444,21.92063761279902,82.82569708498603,6.152957070435513,0.875
Naive,2026-01-10 00:00:00+00:00,False,False,16.875885416666666,20.263769123641776,84.64101055621776,5.895909653458562,0.9305555555555556
Naive,2026-01-11 00:00:00+00:00,False,False,14.475729166666667,17.323770099353286,45.764778323431585,5.491377200532191,0.9861111111111112
Naive,2026-01-12 00:00:00+00:00,False,False,19.933327546296294,24.733635750672647,51.397864599603835,6.5023299753996655,0.9027777777777778
Naive,2026-01-13 00:00:00+00:00,False,False,17.9223900462963,25.54711978419368,58.67609576307411,6.144461427046626,1.0
Naive,2026-01-14 00:00:00+00:00,False,False,16.25906828703704,21.75572869459872,73.92739802156079,5.891692579151925,0.9513888888888888
Naive,2026-01-15 00:00:00+00:00,False,False,15.719913194444445,19.823235827917603,91.00118228811256,5.979196923459235,0.8888888888888888
Naive,2026-01-16 00:00:00+00:00,False,False,13.567748842592591,16.465786335959127,82.96805219973768,5.405808129722687,0.9861111111111112
Naive,2026-01-17 00:00:00+00:00,False,False,19.309681712962963,23.000370814303974,80.90930220567726,6.349351817417113,0.9166666666666666
Naive,2026-01-18 00:00:00+00:00,False,False,19.272864583333334,23.783767893972875,82.67574250285111,6.6197594741651224,0.8333333333333334
Naive,2026-01-19 00:00:00+00:00,False,False,25.148674768518518,33.40586911652446,72.5601044083746,8.304534346041121,0.7986111111111112
Naive,2026-01-20 00:00:00+00:00,False,False,18.809820601851854,34.12393486649173,50.33015768468858,8.347235849734929,0.7708333333333334
Naive,2026-01-21 00:00:00+00:00,False,False,11.274965277777778,13.715156865852402,38.499971505972546,7.654196139537253,1.0
Naive,2026-01-22 00:00:00+00:00,False,False,12.331082175925925,15.966502331638303,36.925522999706814,7.768303058781751,1.0
Naive,2026-01-23 00:00:00+00:00,False,False,54.50471064814815,82.15766560639116,74.42554692783665,17.856972166910037,0.8680555555555556
Naive,2026-01-24 00:00:00+00:00,False,False,123.06186342592592,148.43341188122892,141.62583959936288,42.09082509868888,0.4305555555555556
Naive,2026-01-25 00:00:00+00:00,False,False,246.99045138888889,287.6275170596977,85.43203023148176,97.18618254186522,0.16666666666666666
Naive,2026-01-26 00:00:00+00:00,False,False,231.840775462963,278.4613880055766,95.93047377029671,79.25541240253068,0.3194444444444444
Naive,2026-01-27 00:00:00+00:00,False,False,105.89083912037037,181.57218649461322,64.48979004429319,51.40340168987222,0.9791666666666666
Naive,2026-01-28 00:00:00+00:00,False,False,144.8211574074074,200.77436524089873,115.27720470078049,59.94500505361824,0.9583333333333334
Naive,2026-01-29 00:00:00+00:00,False,False,62.32230902777779,68.33657672635982,100.65969267077426,58.72962357127094,1.0
Naive,2026-01-30 00:00:00+00:00,False,False,19.18655092592592,26.654673619859803,38.25880542646163,51.574703199705,1.0
SeasonalNaive,2026-01-01 00:00:00+00:00,False,False,18.847795138888888,21.843934233645264,84.18763332668914,5.744218769474589,0.6944444444444444
SeasonalNaive,2026-01-02 00:00:00+00:00,False,False,12.244565972222222,15.7185270952521,76.4560756418381,4.1329306777143975,0.9097222222222222
SeasonalNaive,2026-01-03 00:00:00+00:00,False,False,10.025480324074074,13.648037871648404,98.95475958844125,3.686971791868082,0.9444444444444444
SeasonalNaive,2026-01-04 00:00:00+00:00,False,False,7.6970775462962955,12.231393998888967,50.27363567986737,3.335819308806011,0.9652777777777778
SeasonalNaive,2026-01-05 00:00:00+00:00,False,False,10.445868055555556,14.577556404066303,61.91798832442378,3.6411885726346025,0.9444444444444444
SeasonalNaive,2026-01-06 00:00:00+00:00,False,False,12.432575231481481,18.96304086433233,50.41348706372629,4.1741719371222,0.8541666666666666
SeasonalNaive,2026-01-07 00:00:00+00:00,False,False,10.087847222222223,14.686647062179045,44.91053368768881,3.3751984717014074,0.8541666666666666
SeasonalNaive,2026-01-08 00:00:00+00:00,False,False,17.8335474537037,23.93648368537243,63.205174526893046,5.86096337262959,0.6041666666666666
SeasonalNaive,2026-01-09 00:00:00+00:00,False,False,17.1627025462963,21.744508013896212,91.90430944712627,5.755588523757545,0.5972222222222222
SeasonalNaive,2026-01-10 00:00:00+00:00,False,False,21.280133101851852,27.509005070839283,89.78818695046417,7.240829228532518,0.5416666666666666
SeasonalNaive,2026-01-11 00:00:00+00:00,False,False,23.442743055555557,30.091281492414208,122.86415596526432,7.012682305889368,0.6319444444444444
SeasonalNaive,2026-01-12 00:00:00+00:00,False,False,8.265515046296295,11.780718111294638,28.867811015849142,3.3589010606724066,0.9722222222222222
SeasonalNaive,2026-01-13 00:00:00+00:00,False,False,13.290792824074074,18.241749654941888,51.44768418718763,4.2360302164071815,0.8958333333333334
SeasonalNaive,2026-01-14 00:00:00+00:00,False,False,15.515804398148147,20.670897499587785,76.70061050331653,4.855572480286903,0.8541666666666666
SeasonalNaive,2026-01-15 00:00:00+00:00,False,False,11.032366898148148,15.371524713406066,66.65403906152648,3.774750207791893,0.9444444444444444
SeasonalNaive,2026-01-16 00:00:00+00:00,False,False,15.187100694444448,23.34256783504507,87.09334439035881,5.101348536308769,0.8194444444444444
SeasonalNaive,2026-01-17 00:00:00+00:00,False,False,14.747181712962963,20.889261005407654,98.40591187166952,4.804119389836961,0.8263888888888888
SeasonalNaive,2026-01-18 00:00:00+00:00,False,False,10.925144675925926,15.049809400997932,78.37396016423372,3.91765249260667,0.7638888888888888
SeasonalNaive,2026-01-19 00:00:00+00:00,False,False,22.298408564814814,34.49091307330953,89.81158413472383,7.866682868267309,0.5694444444444444
SeasonalNaive,2026-01-20 00:00:00+00:00,False,False,23.906545138888887,35.39492199488123,101.76352437335483,8.35136451220951,0.5555555555555556
SeasonalNaive,2026-01-21 00:00:00+00:00,False,False,27.280138888888885,41.197631650229155,59.167889370972794,9.585984383070027,0.7430555555555556
SeasonalNaive,2026-01-22 00:00:00+00:00,False,False,19.179357638888888,20.650446890692244,72.92808953393552,5.83871920482472,1.0
SeasonalNaive,2026-01-23 00:00:00+00:00,False,False,46.88011574074074,86.9651674033521,59.360128050524786,19.95104903016202,0.7222222222222222
SeasonalNaive,2026-01-24 00:00:00+00:00,False,False,110.32177083333335,139.13728656410848,109.84615054112801,47.02661440627538,0.2777777777777778
SeasonalNaive,2026-01-25 00:00:00+00:00,False,False,230.3216435185185,336.2098022910079,116.57653748642898,96.06005453213432,0.2361111111111111
SeasonalNaive,2026-01-26 00:00:00+00:00,False,False,161.32246527777778,262.40786355486796,75.65475977241597,63.595013870918024,0.5416666666666666
SeasonalNaive,2026-01-27 00:00:00+00:00,False,False,251.91982060185182,385.2614884415404,97.24706654534985,100.58983148531348,0.625
SeasonalNaive,2026-01-28 00:00:00+00:00,False,False,112.01533564814814,197.07792577485662,105.2748663617739,44.8165539080447,0.9375
SeasonalNaive,2026-01-29 00:00:00+00:00,False,False,181.8713483796296,293.0998118410331,125.22176612157621,65.99691586381347,0.8611111111111112
SeasonalNaive,2026-01-30 00:00:00+00:00,False,False,30.956331018518515,37.527900501870846,108.3692190593388,29.045160034584512,1.0
ETS,2026-01-01 00:00:00+00:00,False,False,16.521708219720914,18.972454381185564,80.52546574921676,5.310620611728907,0.6944444444444444
ETS,2026-01-02 00:00:00+00:00,False,False,8.75718305335965,11.197050341465966,101.33721828770148,3.3007143360324345,1.0
ETS,2026-01-03 00:00:00+00:00,False,False,13.05145599614117,17.108990466881117,108.05745900367587,4.267302216571191,0.9513888888888888
ETS,2026-01-04 00:00:00+00:00,False,False,13.281202437726296,16.960328406938146,59.50952927372152,4.112138275515579,1.0
ETS,2026-01-05 00:00:00+00:00,False,False,8.285069711198211,11.536590596765445,52.22314371639987,3.1047214694571648,0.9861111111111112
ETS,2026-01-06 00:00:00+00:00,False,False,17.21209844694607,22.73038374964231,95.71347699852059,5.377788656330531,0.7361111111111112
ETS,2026-01-07 00:00:00+00:00,False,False,18.79567542033918,23.684092962406474,62.9515603165374,5.848182599300691,0.5208333333333334
ETS,2026-01-08 00:00:00+00:00,False,False,17.65103125541451,22.288253936682302,72.02760350221654,5.750466236331427,0.5486111111111112
ETS,2026-01-09 00:00:00+00:00,False,False,16.971420096837733,23.41376616544348,101.3277381044589,6.057094228967806,0.5902777777777778
ETS,2026-01-10 00:00:00+00:00,False,False,11.136583285700642,16.462907245428966,75.31889848550976,3.7043085819569286,0.8611111111111112
ETS,2026-01-11 00:00:00+00:00,False,False,14.646028308115364,22.426973260281642,56.07281906478365,4.631463035823821,0.8333333333333334
ETS,2026-01-12 00:00:00+00:00,False,False,14.814385136041961,18.16861504335366,46.40829302904812,4.874199386795336,0.7777777777777778
ETS,2026-01-13 00:00:00+00:00,False,False,12.403365668184456,17.46414734126291,57.605678017145024,4.041266363458651,0.9583333333333334
ETS,2026-01-14 00:00:00+00:00,False,False,12.033502950583342,17.384670255993175,75.1330773519439,4.3117417117447046,0.8958333333333334
ETS,2026-01-15 00:00:00+00:00,False,False,12.717208624485876,17.04992828011746,80.43362160411873,4.2593708870244775,0.8958333333333334
ETS,2026-01-16 00:00:00+00:00,False,False,8.021315741970177,10.942269681308112,65.53257829425134,3.061885525107513,1.0
ETS,2026-01-17 00:00:00+00:00,False,False,10.611514701521294,13.326803257022524,65.7656023352486,3.5074487756892854,0.9027777777777778
ETS,2026-01-18 00:00:00+00:00,False,False,10.569610776534473,14.037136131630609,68.62216513014369,3.6394557818442443,0.7638888888888888
ETS,2026-01-19 00:00:00+00:00,False,False,22.802161406478792,34.72643894139872,90.72605725985461,8.213314114466503,0.5972222222222222
ETS,2026-01-20 00:00:00+00:00,False,False,28.633499355102774,40.88275614992923,115.95850279870459,10.269490406721145,0.4513888888888889
ETS,2026-01-21 00:00:00+00:00,False,False,12.810204463117252,15.996082719732984,47.053592877353154,4.294253707644456,0.9652777777777778
ETS,2026-01-22 00:00:00+00:00,False,False,11.187835283455605,13.712311667436296,40.00623417534314,4.514951027972427,0.9930555555555556
ETS,2026-01-23 00:00:00+00:00,False,False,55.733465888920605,83.91977235168434,76.23130468796681,20.678096918569935,0.625
ETS,2026-01-24 00:00:00+00:00,False,False,131.90208575529795,157.537762070673,158.531235940412,56.94711949964225,0.2361111111111111
ETS,2026-01-25 00:00:00+00:00,False,False,722.2603830715805,854.8237511669339,120.25381953743468,339.97640916364,0.006944444444444444
ETS,2026-01-26 00:00:00+00:00,False,False,235.54076837347833,284.0513768023512,97.92235198856845,94.31016089511388,0.1111111111111111
ETS,2026-01-27 00:00:00+00:00,False,False,99.47197164509531,172.8660820935889,59.6384769921867,36.96994073838139,0.9444444444444444
ETS,2026-01-28 00:00:00+00:00,False,False,151.4104482140199,210.59437007818022,116.72097695197985,50.50049322502091,0.9513888888888888
ETS,2026-01-29 00:00:00+00:00,False,False,71.48616784723615,88.41638801103949,105.28784793180246,33.19148336511034,1.0
ETS,2026-01-30 00:00:00+00:00,False,False,49.80474074718341,58.39792767736065,109.51671810541876,32.18656165602866,1.0
Theta,2026-01-01 00:00:00+00:00,False,False,23.37719959971188,26.9837942036339,91.1694149504005,6.850717051099628,0.5555555555555556
Theta,2026-01-02 00:00:00+00:00,False,False,9.019643551008345,11.572585606916839,88.13164150967768,3.3476977621350543,0.9930555555555556
Theta,2026-01-03 00:00:00+00:00,False,False,8.929116322795517,12.601940546950235,54.38320271344994,3.4731470421220343,0.9722222222222222
Theta,2026-01-04 00:00:00+00:00,False,False,20.43651150165072,25.369792739065204,72.87064836250353,5.664250279481646,0.8402777777777778
Theta,2026-01-05 00:00:00+00:00,False,False,9.914507839980947,12.34394997040826,45.021925284363206,3.3973053963188007,0.9861111111111112
Theta,2026-01-06 00:00:00+00:00,False,False,8.894969439951435,14.244901184172823,36.1514146477422,3.265378845596107,0.8958333333333334
Theta,2026-01-07 00:00:00+00:00,False,False,25.491067602053015,32.38915395019519,71.4941601363667,8.815595004027658,0.3680555555555556
Theta,2026-01-08 00:00:00+00:00,False,False,16.187716548056155,20.556214804284206,62.26329885410323,5.084697377698388,0.6527777777777778
Theta,2026-01-09 00:00:00+00:00,False,False,17.394098454468555,23.814422932991395,104.54281452731568,6.206536172268341,0.5972222222222222
Theta,2026-01-10 00:00:00+00:00,False,False,16.405524763562724,20.56955849870974,90.74136641013494,5.207133560521355,0.6805555555555556
Theta,2026-01-11 00:00:00+00:00,False,False,14.458157006641281,17.428320041388776,45.69429732436934,4.26014430709996,0.9722222222222222
Theta,2026-01-12 00:00:00+00:00,False,False,19.799460664209562,24.606404312364432,51.107076134927055,6.509693922360576,0.6597222222222222
Theta,2026-01-13 00:00:00+00:00,False,False,17.91805354875932,25.64936991684941,58.485763983298,5.778674021982038,0.8472222222222222
Theta,2026-01-14 00:00:00+00:00,False,False,16.347578646894995,21.888652709250515,73.94397031312083,5.038366444779903,0.7847222222222222
Theta,2026-01-15 00:00:00+00:00,False,False,15.787707783811264,19.86685208057542,91.2555102476316,4.723465340540405,0.9097222222222222
Theta,2026-01-16 00:00:00+00:00,False,False,12.08598082548971,14.614472748104097,79.05765892651453,4.014536571473711,0.8402777777777778
Theta,2026-01-17 00:00:00+00:00,False,False,11.071871545201102,14.204893333776088,68.23443167929904,3.6408981999780017,0.875
Theta,2026-01-18 00:00:00+00:00,False,False,10.335852454379612,13.786079940950113,68.99193948252143,3.566363574756043,0.75
Theta,2026-01-19 00:00:00+00:00,False,False,20.74840539178521,30.286387358281473,73.18792133191995,7.102726356380802,0.5902777777777778
Theta,2026-01-20 00:00:00+00:00,False,False,27.80121171201969,40.34642598114309,112.39728910145566,10.016445312439764,0.4930555555555556
Theta,2026-01-21 00:00:00+00:00,False,False,11.884294712179384,14.903844921146902,45.433566462203856,4.147298442508524,0.9722222222222222
Theta,2026-01-22 00:00:00+00:00,False,False,11.353557075758642,14.679830400239215,36.868947282394835,4.573708241000522,0.9652777777777778
Theta,2026-01-23 00:00:00+00:00,False,False,54.63204747089086,81.29168121661905,74.6542481678255,19.92120628132112,0.5902777777777778
Theta,2026-01-24 00:00:00+00:00,False,False,122.07679239468501,147.44295203702987,139.36700075183123,52.217034467038594,0.22916666666666666
Theta,2026-01-25 00:00:00+00:00,False,False,249.90417958865822,289.9482590278091,85.83946770984797,105.57528390941208,0.13194444444444445
Theta,2026-01-26 00:00:00+00:00,False,False,237.05572665607068,283.090965802921,97.07333655746359,95.39386599214883,0.13194444444444445
Theta,2026-01-27 00:00:00+00:00,False,False,109.85113679039738,180.41460226699814,65.70283691395595,38.682905477383564,0.9444444444444444
Theta,2026-01-28 00:00:00+00:00,False,False,157.11642489650708,208.90503273612975,117.7635551110809,51.19175890115606,0.9583333333333334
Theta,2026-01-29 00:00:00+00:00,False,False,66.09665848214331,71.63723574691359,103.42163995534787,32.293231804261524,1.0
Theta,2026-01-30 00:00:00+00:00,False,False,20.902695088636335,29.928834227697703,42.38934930098866,27.369554046270817,1.0
RandomForest,2026-01-01 00:00:00+00:00,False,False,27.43274142515968,29.50424208119161,100.08687014088957,12.77110596484979,0.013888888888888888
RandomForest,2026-01-02 00:00:00+00:00,False,False,9.357876233082786,11.963484424053144,68.00136283966464,3.8442423102135748,0.2361111111111111
RandomForest,2026-01-03 00:00:00+00:00,False,False,9.663066401146647,13.555261638529416,52.27813730840691,4.06343114728464,0.2222222222222222
RandomForest,2026-01-04 00:00:00+00:00,False,False,23.557502637455755,27.428459429231225,80.86374535209958,10.951827804644564,0.027777777777777776
RandomForest,2026-01-05 00:00:00+00:00,False,False,11.73734333276061,13.667705151567786,50.71629266314637,5.005638285150671,0.11805555555555555
RandomForest,2026-01-06 00:00:00+00:00,False,False,14.897526211162825,17.828251548621,51.00801177632458,6.616098027800782,0.1111111111111111
RandomForest,2026-01-07 00:00:00+00:00,False,False,35.51499047394212,42.117857520179705,89.22097138217714,16.843755642881245,0.006944444444444444
RandomForest,2026-01-08 00:00:00+00:00,False,False,24.2494436818328,36.025087530359116,62.504591506394824,11.294463264771556,0.1111111111111111
RandomForest,2026-01-09 00:00:00+00:00,False,False,17.15224293937354,21.01305882300982,82.10851866998321,7.796734071034258,0.11805555555555555
RandomForest,2026-01-10 00:00:00+00:00,False,False,16.37006754627718,19.89354706720897,82.77460129621707,7.365966163378336,0.16666666666666666
RandomForest,2026-01-11 00:00:00+00:00,False,False,13.113989976575555,17.13128773230413,40.86013056671594,5.735630395853565,0.2152777777777778
RandomForest,2026-01-12 00:00:00+00:00,False,False,15.251388414079312,19.463798711348982,43.01572088555881,6.8501219633217465,0.19444444444444445
RandomForest,2026-01-13 00:00:00+00:00,False,False,16.05340468568238,24.002535639592562,54.45343852766423,7.2423839552162645,0.2013888888888889
RandomForest,2026-01-14 00:00:00+00:00,False,False,15.742028466038569,20.571578218181767,75.53912857596691,7.049540286698019,0.16666666666666666
RandomForest,2026-01-15 00:00:00+00:00,False,False,16.09404394744474,20.15872100762475,90.53761116028696,7.237618296822798,0.16666666666666666
RandomForest,2026-01-16 00:00:00+00:00,False,False,13.40131357775603,16.315819148315633,82.77388329802584,5.892642176814118,0.14583333333333334
RandomForest,2026-01-17 00:00:00+00:00,False,False,20.859417984704677,24.558218338419962,82.74841882474003,9.543811848046238,0.05555555555555555
RandomForest,2026-01-18 00:00:00+00:00,False,False,21.041997932452425,25.41171431745919,86.40267057555204,9.640818869313234,0.11805555555555555
RandomForest,2026-01-19 00:00:00+00:00,False,False,61.28774150708452,96.8936871178219,89.92428249368704,29.75224986058073,0.0763888888888889
RandomForest,2026-01-20 00:00:00+00:00,False,False,18.287872174837908,33.385404115001485,48.291156475456425,8.33357749671151,0.20833333333333334
RandomForest,2026-01-21 00:00:00+00:00,False,False,11.326118893465718,13.847391134114117,38.728218401272535,4.8235110448538485,0.20833333333333334
RandomForest,2026-01-22 00:00:00+00:00,False,False,12.595821823731853,15.730156403715856,37.891783649179025,5.5524117082946765,0.1597222222222222
RandomForest,2026-01-23 00:00:00+00:00,False,False,51.91648238370507,84.60559834841136,69.69617726268935,25.037786328682653,0.027777777777777776
RandomForest,2026-01-24 00:00:00+00:00,False,False,123.65681980219705,148.9322808132789,143.2892502253789,60.8405692620591,0.0
RandomForest,2026-01-25 00:00:00+00:00,False,False,221.36538342254323,329.77000618513824,107.13970903148345,110.06383497181962,0.013888888888888888
RandomForest,2026-01-26 00:00:00+00:00,False,False,158.57752608644734,267.56492053592893,75.10919060620044,78.43168633088003,0.020833333333333332
RandomForest,2026-01-27 00:00:00+00:00,False,False,115.19304463800316,186.44429651494897,68.6174025933695,55.749365729932514,0.027777777777777776
RandomForest,2026-01-28 00:00:00+00:00,False,False,137.1015759884984,199.9751964505928,113.28942720902523,66.5505542118565,0.013888888888888888
RandomForest,2026-01-29 00:00:00+00:00,False,False,43.58778822013036,56.03040315874528,82.45387412182647,20.244102983156676,0.2013888888888889
RandomForest,2026-01-30 00:00:00+00:00,False,False,37.15079108903028,48.95419434152971,58.441975537047774,16.586421753396518,0.1736111111111111
LightGBM,2026-01-01 00:00:00+00:00,False,False,24.601812454972205,27.769530274736894,94.18630032471954,10.745621323805011,0.027777777777777776
LightGBM,2026-01-02 00:00:00+00:00,False,False,9.469361180101414,11.938548263847249,68.68376557712352,3.521407712170049,0.3541666666666667
LightGBM,2026-01-03 00:00:00+00:00,False,False,9.305504566957081,12.932808046025196,51.24477198977535,3.5160144938206392,0.4027777777777778
LightGBM,2026-01-04 00:00:00+00:00,False,False,24.255687529137724,29.891627844570635,80.00488020207554,10.670350863693272,0.09722222222222222
LightGBM,2026-01-05 00:00:00+00:00,False,False,13.288500289511862,15.010565182121317,54.83451738802686,5.285051537832436,0.1736111111111111
LightGBM,2026-01-06 00:00:00+00:00,False,False,15.305813268828924,18.211899737951363,51.19534058982761,6.262456070459769,0.1597222222222222
LightGBM,2026-01-07 00:00:00+00:00,False,False,29.945216481415766,35.253870616161244,83.13438987638942,13.468901249247915,0.034722222222222224
LightGBM,2026-01-08 00:00:00+00:00,False,False,18.932967815736745,26.352682034242456,59.08962189487149,8.124077136864498,0.2222222222222222
LightGBM,2026-01-09 00:00:00+00:00,False,False,17.288452263741583,21.128108943969167,84.52837148352832,7.288355208711752,0.2152777777777778
LightGBM,2026-01-10 00:00:00+00:00,False,False,14.855501236311524,18.998926016769897,80.5405573658134,6.156874403157398,0.3194444444444444
LightGBM,2026-01-11 00:00:00+00:00,False,False,12.97383406900364,17.47616664048839,45.9068213135905,5.31941273124541,0.3194444444444444
LightGBM,2026-01-12 00:00:00+00:00,False,False,13.744697757397155,17.97360088338852,40.515349641898,5.8904026635665545,0.4027777777777778
LightGBM,2026-01-13 00:00:00+00:00,False,False,17.677341466702995,28.868736864692206,53.94778332745144,7.616784001955575,0.3680555555555556
LightGBM,2026-01-14 00:00:00+00:00,False,False,15.692821259709673,20.489499006077814,75.49762323649178,6.589227229061213,0.2708333333333333
LightGBM,2026-01-15 00:00:00+00:00,False,False,17.283801615108743,21.97515561021375,94.85632849832196,7.331380605381464,0.19444444444444445
LightGBM,2026-01-16 00:00:00+00:00,False,False,11.544085766624246,14.56644048161584,77.37312198358943,4.55988876016976,0.3611111111111111
LightGBM,2026-01-17 00:00:00+00:00,False,False,18.657284630993384,22.930580540760932,80.45607961382939,7.899698624744873,0.1597222222222222
LightGBM,2026-01-18 00:00:00+00:00,False,False,16.253952680452254,20.640251741310838,79.5610965701304,6.891426301623716,0.2777777777777778
LightGBM,2026-01-19 00:00:00+00:00,False,False,21.04045026112881,32.550346485812135,67.07724927558733,9.248199581778607,0.24305555555555555
LightGBM,2026-01-20 00:00:00+00:00,False,False,18.84784725929058,34.154565725267446,50.60675342425055,8.246055867121756,0.4375
LightGBM,2026-01-21 00:00:00+00:00,False,False,13.57121118516945,16.51883068147893,46.50150813090109,5.526330091891206,0.2361111111111111
LightGBM,2026-01-22 00:00:00+00:00,False,False,15.477511807071373,19.435993101547798,42.48818986391106,6.395936880375301,0.1875
LightGBM,2026-01-23 00:00:00+00:00,False,False,56.03125619480808,85.35761940870724,75.96484314732062,26.49823680880978,0.027777777777777776
LightGBM,2026-01-24 00:00:00+00:00,False,False,121.70838455380743,147.12092776944695,138.13868854125434,59.18957349881058,0.0
LightGBM,2026-01-25 00:00:00+00:00,False,False,201.16306944743656,321.70702887848813,99.36080371591883,98.72800697706907,0.041666666666666664
LightGBM,2026-01-26 00:00:00+00:00,False,False,144.49897018423542,257.7084991989066,68.53933273356037,70.58998274461776,0.09722222222222222
LightGBM,2026-01-27 00:00:00+00:00,False,False,300.22247406758663,352.20939495191647,107.11954807629793,145.4157450750143,0.027777777777777776
LightGBM,2026-01-28 00:00:00+00:00,False,False,221.72992384273866,283.3469063185662,118.49581290364337,106.97883017916013,0.13194444444444445
LightGBM,2026-01-29 00:00:00+00:00,False,False,190.20159790783907,287.10149593977343,124.0872308763228,89.62091927475159,0.16666666666666666
LightGBM,2026-01-30 00:00:00+00:00,False,False,45.858976842391066,57.842269199084235,99.5827593159078,18.333557915661093,0.2916666666666667
XGBoost,2026-01-01 00:00:00+00:00,False,False,26.973288045106113,30.580114320756834,96.91097640191916,13.365450704273952,0.006944444444444444
XGBoost,2026-01-02 00:00:00+00:00,False,False,9.50346878228364,11.949694188597922,68.76964528769416,4.637643924806471,0.013888888888888888
XGBoost,2026-01-03 00:00:00+00:00,False,False,11.4618999392898,15.022291245924912,56.36741212189818,5.620924656415908,0.0
XGBoost,2026-01-04 00:00:00+00:00,False,False,26.91861809677548,32.09687631054719,84.56198592806759,13.348691207760771,0.0
XGBoost,2026-01-05 00:00:00+00:00,False,False,15.240870555771721,16.990181105021723,60.796706858774996,7.508437154926953,0.0
XGBoost,2026-01-06 00:00:00+00:00,False,False,16.201838657767684,19.20203067720146,52.987895986454646,7.984826206981917,0.006944444444444444
XGBoost,2026-01-07 00:00:00+00:00,False,False,29.00275589271828,32.27516792624491,85.45476412315881,14.386681171845515,0.0
XGBoost,2026-01-08 00:00:00+00:00,False,False,17.933647691408794,25.370484610827525,57.329194091333626,8.854287811279628,0.006944444444444444
XGBoost,2026-01-09 00:00:00+00:00,False,False,21.548892684689275,27.050021557176688,86.47082029737516,10.666463892189764,0.013888888888888888
XGBoost,2026-01-10 00:00:00+00:00,False,False,15.545869265927207,20.186328004022513,82.85678152219973,7.660167493137127,0.034722222222222224
XGBoost,2026-01-11 00:00:00+00:00,False,False,15.665766382923834,20.309150174912038,44.186190307423196,7.724954949353081,0.020833333333333332
XGBoost,2026-01-12 00:00:00+00:00,False,False,17.87329731623332,23.655778238444693,46.053268974616365,8.827748433674735,0.013888888888888888
XGBoost,2026-01-13 00:00:00+00:00,False,False,15.922110521175243,23.98017749560282,54.14376061057817,7.852694723778659,0.013888888888888888
XGBoost,2026-01-14 00:00:00+00:00,False,False,14.977058466098924,19.941868814890526,74.40047331647324,7.385454700548458,0.020833333333333332
XGBoost,2026-01-15 00:00:00+00:00,False,False,20.404520089979528,26.52347618716968,96.08272026466287,10.094728023512326,0.041666666666666664
XGBoost,2026-01-16 00:00:00+00:00,False,False,12.869297281901042,15.65610691630273,83.42674253176496,6.328419167580677,0.013888888888888888
XGBoost,2026-01-17 00:00:00+00:00,False,False,32.18593434987245,39.3809557410197,93.00452440507766,15.984110181934119,0.006944444444444444
XGBoost,2026-01-18 00:00:00+00:00,False,False,20.960267027307438,25.193504448763203,90.93974473826718,10.374300734450662,0.006944444444444444
XGBoost,2026-01-19 00:00:00+00:00,False,False,27.638030961707784,34.525673478572145,75.27621181626071,13.71134040017629,0.0
XGBoost,2026-01-20 00:00:00+00:00,False,False,19.841014982770993,35.18309290711622,55.32386170358185,9.819563330479351,0.034722222222222224
XGBoost,2026-01-21 00:00:00+00:00,False,False,12.031837750364234,14.994113299679046,41.27838363839136,5.911186695171781,0.006944444444444444
XGBoost,2026-01-22 00:00:00+00:00,False,False,16.016030403066566,19.870884767383068,43.377980846249706,7.903324356020593,0.020833333333333332
XGBoost,2026-01-23 00:00:00+00:00,False,False,53.19875128604748,87.28138018142724,71.21065875201762,26.490667699669217,0.006944444444444444
XGBoost,2026-01-24 00:00:00+00:00,False,False,121.79359828427985,147.07755068556293,138.91313090642532,60.79337411772779,0.0
XGBoost,2026-01-25 00:00:00+00:00,False,False,222.6580956589734,329.03305900483036,104.63393803163248,111.22230689391175,0.0
XGBoost,2026-01-26 00:00:00+00:00,False,False,150.1062616613176,261.2436617270379,73.58468818109978,74.93822809247628,0.0
XGBoost,2026-01-27 00:00:00+00:00,False,False,135.85280290038497,210.79455519844225,71.66721617696271,67.76024594581195,0.006944444444444444
XGBoost,2026-01-28 00:00:00+00:00,False,False,142.9149631694511,217.3660240873089,109.78738917377456,71.28107457164352,0.006944444444444444
XGBoost,2026-01-29 00:00:00+00:00,False,False,48.78198743502299,60.66399287089512,85.55668766406326,24.198518701729537,0.006944444444444444
XGBoost,2026-01-30 00:00:00+00:00,False,False,29.491792706913415,38.01674389142436,51.625265937144604,14.567485982211698,0.027777777777777776
TimesFM,2026-01-01 00:00:00+00:00,False,False,13.456270878226668,15.689104136478466,73.8426939615898,4.1747870768367505,0.7222222222222222
TimesFM,2026-01-02 00:00:00+00:00,False,False,8.155772530944258,10.47348345522938,65.0208037720367,2.747423449028973,0.7777777777777778
TimesFM,2026-01-03 00:00:00+00:00,False,False,7.841711724996567,10.778675130895307,47.0466263956172,2.6218839302438277,0.9375
TimesFM,2026-01-04 00:00:00+00:00,False,False,10.897171025806001,13.353577451625803,55.152247921979324,3.4565743582392177,0.8680555555555556
TimesFM,2026-01-05 00:00:00+00:00,False,False,6.469994388862893,9.185993661858582,31.011710421866812,2.382871261226174,0.9652777777777778
TimesFM,2026-01-06 00:00:00+00:00,False,False,9.041287989969605,14.776668243604682,30.413850787112008,3.0116227302856653,0.9583333333333334
TimesFM,2026-01-07 00:00:00+00:00,False,False,8.764464620131033,12.211659747322333,42.56629726453055,2.9523983050873617,0.8819444444444444
TimesFM,2026-01-08 00:00:00+00:00,False,False,13.738565879133013,18.318021052795253,57.66085670893837,4.323518141487866,0.6458333333333334
TimesFM,2026-01-09 00:00:00+00:00,False,False,16.311764337983398,21.25172940968902,97.20681044161209,5.6484455886832725,0.5416666666666666
TimesFM,2026-01-10 00:00:00+00:00,False,False,11.608189383480285,15.577788447593338,71.82610753305613,3.9106427263744457,0.6736111111111112
TimesFM,2026-01-11 00:00:00+00:00,False,False,12.836030573889062,18.236142539921854,47.53367107519162,3.855309365733906,0.9583333333333334
TimesFM,2026-01-12 00:00:00+00:00,False,False,8.174466753712405,11.5510306212823,29.543259170341297,2.9199505596929853,0.9861111111111112
TimesFM,2026-01-13 00:00:00+00:00,False,False,9.060497596970311,12.662713346782777,44.429859448343045,3.1158341562067284,0.8888888888888888
TimesFM,2026-01-14 00:00:00+00:00,False,False,12.525870299250991,15.845325869188938,71.66028310374585,3.927791829339148,0.7152777777777778
TimesFM,2026-01-15 00:00:00+00:00,False,False,12.421252193318473,16.384408981272728,80.28675297185171,3.8630388340629906,0.7430555555555556
TimesFM,2026-01-16 00:00:00+00:00,False,False,12.145557313042659,17.645297823796213,77.56952172426672,3.9960369921834378,0.8194444444444444
TimesFM,2026-01-17 00:00:00+00:00,False,False,8.595859199674042,12.217978513963132,58.28828886463505,3.136872355358468,0.8611111111111112
TimesFM,2026-01-18 00:00:00+00:00,False,False,10.185911995746471,14.175929242207307,68.23037420000088,3.7389591877208446,0.6458333333333334
TimesFM,2026-01-19 00:00:00+00:00,False,False,19.026103718744384,31.223721802576254,76.64186869360363,6.584413985750742,0.7013888888888888
TimesFM,2026-01-20 00:00:00+00:00,False,False,22.842819363419657,35.20026365861597,93.11877938675157,8.221621450688,0.5694444444444444
TimesFM,2026-01-21 00:00:00+00:00,False,False,15.396208982732563,19.01367604706364,72.67560068569394,4.777179939077224,0.75
TimesFM,2026-01-22 00:00:00+00:00,False,False,14.080209676501928,17.591765874310756,60.69617336154175,4.368758132196503,0.8125
TimesFM,2026-01-23 00:00:00+00:00,False,False,52.93248927310661,95.93089177374468,71.15178213694635,22.4485988114112,0.5902777777777778
TimesFM,2026-01-24 00:00:00+00:00,False,False,116.91786169339109,143.29204645258494,125.40135431984712,51.13558012097338,0.22916666666666666
TimesFM,2026-01-25 00:00:00+00:00,False,False,193.5025007442192,317.4193830918214,99.01889952698113,75.6435505127079,0.5902777777777778
TimesFM,2026-01-26 00:00:00+00:00,False,False,138.27522785257412,245.26652602912117,65.6309756870799,54.813221928469936,0.6875
TimesFM,2026-01-27 00:00:00+00:00,False,False,94.89383343767237,196.74160644040705,57.73366578956942,35.024782202368904,0.9236111111111112
TimesFM,2026-01-28 00:00:00+00:00,False,False,103.2534775465506,190.20536825577662,101.3625440562269,36.19687189439196,0.7152777777777778
TimesFM,2026-01-29 00:00:00+00:00,False,False,47.87545965053417,53.71505771579755,91.90054899642305,17.390540150521712,0.8611111111111112
TimesFM,2026-01-30 00:00:00+00:00,False,False,18.414230649382983,27.451416795953513,36.37181811372469,11.050254009947366,1.0
Chronos2,2026-01-01 00:00:00+00:00,False,False,16.63869207346881,19.44939682700782,80.07330143371331,5.252725070008524,0.5625
Chronos2,2026-01-02 00:00:00+00:00,False,False,7.479335442295781,9.549809349397052,63.09381687305451,2.7192748380737535,0.7361111111111112
Chronos2,2026-01-03 00:00:00+00:00,False,False,6.759213319089677,10.984700834817735,49.78772036096266,2.465117998196755,0.9583333333333334
Chronos2,2026-01-04 00:00:00+00:00,False,False,8.239291527182965,10.660071660972813,48.27164172337489,2.8832288279356777,0.9305555555555556
Chronos2,2026-01-05 00:00:00+00:00,False,False,6.282443144233138,9.172034697536914,31.652349241391963,2.267357584812023,0.9791666666666666
Chronos2,2026-01-06 00:00:00+00:00,False,False,9.098127524322933,15.42231316151369,30.533638314802552,2.9813901133007477,0.9236111111111112
Chronos2,2026-01-07 00:00:00+00:00,False,False,9.393198972719688,13.031762934714607,45.275322994593495,3.051919974544902,0.8263888888888888
Chronos2,2026-01-08 00:00:00+00:00,False,False,14.720549883665862,19.02823456209057,62.369431222834805,4.837751672194328,0.5486111111111112
Chronos2,2026-01-09 00:00:00+00:00,False,False,16.328267277567473,22.19373448543252,100.02831264116053,5.888111169617852,0.5486111111111112
Chronos2,2026-01-10 00:00:00+00:00,False,False,13.280725196644111,18.35843675569919,71.30003638140442,4.7861316281483495,0.6180555555555556
Chronos2,2026-01-11 00:00:00+00:00,False,False,18.54203101855737,24.440447009802508,87.25230947751808,5.478383416452526,0.7986111111111112
Chronos2,2026-01-12 00:00:00+00:00,False,False,8.962234184212155,12.343916141620271,33.32921125258949,2.921972939585462,0.9166666666666666
Chronos2,2026-01-13 00:00:00+00:00,False,False,8.738694274867022,12.264764794698843,44.539142417117716,2.9328241135603115,0.8611111111111112
Chronos2,2026-01-14 00:00:00+00:00,False,False,10.989878949677502,14.469365248576707,71.66208645020478,3.500808500419428,0.75
Chronos2,2026-01-15 00:00:00+00:00,False,False,12.67931392925757,16.977238055846914,80.02678325637163,4.205526298814349,0.7569444444444444
Chronos2,2026-01-16 00:00:00+00:00,False,False,11.1761621899958,15.273677625970251,76.13920264506014,3.7265168817102166,0.7291666666666666
Chronos2,2026-01-17 00:00:00+00:00,False,False,8.582158524901779,12.65533838045875,58.29460809297219,3.0855316285586647,0.8402777777777778
Chronos2,2026-01-18 00:00:00+00:00,False,False,10.507270757268977,15.015608821272162,74.55932473222889,3.918441558031388,0.7222222222222222
Chronos2,2026-01-19 00:00:00+00:00,False,False,19.536518495965886,32.60667687374593,81.4567915838911,6.647275489966074,0.7361111111111112
Chronos2,2026-01-20 00:00:00+00:00,False,False,23.089358065304932,36.05367394225877,96.41138702902805,8.337964906368727,0.6111111111111112
Chronos2,2026-01-21 00:00:00+00:00,False,False,13.557784132869156,16.993349232473275,51.20268591477186,4.515174690808779,0.7847222222222222
Chronos2,2026-01-22 00:00:00+00:00,False,False,12.615651612193497,15.97947710458417,50.72241314684415,3.905297778418035,0.9375
Chronos2,2026-01-23 00:00:00+00:00,False,False,51.41613007986987,92.00400821327743,67.39069866487921,20.8723947852482,0.5902777777777778
Chronos2,2026-01-24 00:00:00+00:00,False,False,117.30346268883457,143.69291942666047,126.26380976534286,51.03699487352077,0.2361111111111111
Chronos2,2026-01-25 00:00:00+00:00,False,False,184.46545345800894,255.38194251491916,75.92058190521607,59.54186673599997,0.7916666666666666
Chronos2,2026-01-26 00:00:00+00:00,False,False,144.96676374929925,242.2624006143941,69.06345123790766,55.7707761992643,0.6388888888888888
Chronos2,2026-01-27 00:00:00+00:00,False,False,84.04178886590181,178.7155027792243,49.58103961373727,33.98005599027798,0.9722222222222222
Chronos2,2026-01-28 00:00:00+00:00,False,False,111.09085412131415,191.88979557786865,105.68484705995962,39.845130311824654,0.5
Chronos2,2026-01-29 00:00:00+00:00,False,False,71.8242198287116,77.06730175688305,111.13298278880224,27.39047388700791,0.5347222222222222
Chronos2,2026-01-30 00:00:00+00:00,False,False,21.801923431113917,28.08335605700358,50.92977569605329,11.334068232524544,1.0
Toto,2026-01-01 00:00:00+00:00,False,False,16.89041441306748,24.974876761614375,83.17742909729581,4.432866773772754,0.8541666666666666
Toto,2026-01-02 00:00:00+00:00,False,False,10.669440110590724,17.79750275298096,71.06778684757283,3.2178405879141283,0.8055555555555556
Toto,2026-01-03 00:00:00+00:00,False,False,14.72198496773701,25.55350849817442,92.45279631786174,4.106730566700363,0.8402777777777778
Toto,2026-01-04 00:00:00+00:00,False,False,17.361799612779308,22.42108931876887,89.01270694760632,4.591873826792947,0.75
Toto,2026-01-05 00:00:00+00:00,False,False,9.197217316715806,21.39125313202038,35.79839634095252,2.7914636434126288,0.9513888888888888
Toto,2026-01-06 00:00:00+00:00,False,False,13.921458925541181,23.821274005384755,47.63712841438219,4.240221817792066,0.8263888888888888
Toto,2026-01-07 00:00:00+00:00,False,False,13.886271938107631,33.63111801319195,51.8390013762143,3.8872183306755517,0.8888888888888888
Toto,2026-01-08 00:00:00+00:00,False,False,17.09419422154763,29.80987740369838,63.28367126911451,5.19102773051134,0.5763888888888888
Toto,2026-01-09 00:00:00+00:00,False,False,19.592923831045628,26.83037836145476,99.68048108840308,5.972698497420125,0.5625
Toto,2026-01-10 00:00:00+00:00,False,False,17.95105790482627,27.32929233699336,86.88580942652452,5.235744245033941,0.6388888888888888
Toto,2026-01-11 00:00:00+00:00,False,False,20.307287194662624,33.36789188014551,68.90889408333203,5.58272539107428,0.8472222222222222
Toto,2026-01-12 00:00:00+00:00,False,False,12.710827353530458,20.433113596170724,56.53614557718918,4.015681345858783,0.7777777777777778
Toto,2026-01-13 00:00:00+00:00,False,False,12.003671525152122,17.41267087015912,51.983680978871405,3.5554462484240434,0.8611111111111112
Toto,2026-01-14 00:00:00+00:00,False,False,14.885244237907507,19.57952922082485,83.01968709981212,4.084772104655657,0.8055555555555556
Toto,2026-01-15 00:00:00+00:00,False,False,15.4575348789714,21.24768398969323,89.12167987009099,4.483663655004096,0.7361111111111112
Toto,2026-01-16 00:00:00+00:00,False,False,11.39090503017332,17.978638621729502,79.64142936142571,3.287373206069906,0.8888888888888888
Toto,2026-01-17 00:00:00+00:00,False,False,12.912653728061251,17.550610248208226,77.32672258662429,3.879689205993472,0.7708333333333334
Toto,2026-01-18 00:00:00+00:00,False,False,12.067698261274233,16.2039296436348,76.74253163717731,3.834209465110836,0.7569444444444444
Toto,2026-01-19 00:00:00+00:00,False,False,21.0785786282009,34.68001730058254,81.52313852309767,7.124224972901593,0.75
Toto,2026-01-20 00:00:00+00:00,False,False,28.73352035399078,55.11445500245734,94.47241103402145,9.536213579650058,0.5972222222222222
Toto,2026-01-21 00:00:00+00:00,False,False,19.7599370459274,31.061569528033267,67.58394925245233,5.075741618592062,0.9236111111111112
Toto,2026-01-22 00:00:00+00:00,False,False,24.02283277482898,43.392327386737115,68.70520497975573,5.993130127464961,0.8541666666666666
Toto,2026-01-23 00:00:00+00:00,False,False,56.97890650153161,94.60044551254624,82.14295397483417,22.636053923922233,0.6041666666666666
Toto,2026-01-24 00:00:00+00:00,False,False,114.1574416056165,141.049477767029,118.618829556863,50.18657950902563,0.2152777777777778
Toto,2026-01-25 00:00:00+00:00,False,False,332.48999595510736,676.7421204488829,111.68383052822637,90.46331124605128,0.7152777777777778
Toto,2026-01-26 00:00:00+00:00,False,False,216.49920345032655,358.76213635465746,99.88838052789212,67.22537585526244,0.7013888888888888
Toto,2026-01-27 00:00:00+00:00,False,False,268.6380499836251,643.4942981492685,85.66395899414287,67.13546890695524,0.9236111111111112
Toto,2026-01-28 00:00:00+00:00,False,False,146.76655662840164,287.6503988942744,99.70167992751772,45.225205497159116,0.8194444444444444
Toto,2026-01-29 00:00:00+00:00,False,False,304.81965834725787,967.9459920040869,128.3971165861367,62.35497735120506,0.9236111111111112
Toto,2026-01-30 00:00:00+00:00,False,False,139.75723076149268,386.05214476011054,73.69311836914656,31.906521488613915,0.9861111111111112
